SALE TYPE,SOLD DATE,PROPERTY TYPE,ADDRESS,CITY,STATE OR PROVINCE,ZIP OR POSTAL CODE,PRICE,BEDS,BATHS,LOCATION,SQUARE FEET,LOT SIZE,YEAR BUILT,DAYS ON MARKET,$/SQUARE FEET,HOA/MONTH,STATUS,NEXT OPEN HOUSE START TIME,NEXT OPEN HOUSE END TIME,URL (SEE https://www.redfin.com/buy-a-home/comparative-market-analysis FOR INFO ON PRICING),SOURCE,MLS#,FAVORITE,INTERESTED,LATITUDE,LONGITUDE
"In accordance with local MLS rules, some MLS listings are not included in the download"
MLS Listing,,Single Family Residential,604 W Park St,Thomasboro,IL,61878,69900,3,1.5,Northern Champaign County / Ford County,1632,10440,1979,1,43,,Active,,,https://www.redfin.com/IL/Thomasboro/604-W-Park-St-61878/home/126568205,MRED as Distributed by MLS Grid,12167998,N,Y,40.2408138,-88.1922896
MLS Listing,,Single Family Residential,406 S Elm St,Champaign,IL,61820,189900,2,1.5,"Champaign, Savoy",1249,3328,1920,1,152,,Active,,,https://www.redfin.com/IL/Champaign/406-S-Elm-St-61820/home/126597119,MRED as Distributed by MLS Grid,12127753,N,Y,40.1120711,-88.2498183
MLS Listing,,Single Family Residential,2489 County Road 2100,Thomasboro,IL,61878,179900,3,1.0,Northern Champaign County / Ford County,1445,11250,1954,1,124,,Active,,,https://www.redfin.com/IL/Thomasboro/2489-County-Road-2100-E-61878/home/126994784,MRED as Distributed by MLS Grid,12142918,N,Y,40.2379636,-88.0596051
MLS Listing,,Single Family Residential,601 Bloomington Rd,Champaign,IL,61820,69000,2,1.0,"Champaign, Savoy",850,,1939,1,81,,Active,,,https://www.redfin.com/IL/Champaign/601-Bloomington-Rd-61820/home/127008671,MRED as Distributed by MLS Grid,12139110,N,Y,40.1293386,-88.2519531
MLS Listing,,Single Family Residential,612 W Washington St,Urbana,IL,61801,269900,4,3.0,Urbana,2288,5662,1938,1,118,,Active,September-21-2024 10:00 AM,September-21-2024 12:00 PM,https://www.redfin.com/IL/Urbana/612-W-Washington-St-61801/home/126806375,MRED as Distributed by MLS Grid,12155714,N,Y,40.1057574,-88.2155518
MLS Listing,,Single Family Residential,512 S James St,Champaign,IL,61821,270000,3,1.5,"Champaign, Savoy",1443,8100,1937,1,187,,Active,September-19-2024 04:00 PM,September-19-2024 06:00 PM,https://www.redfin.com/IL/Champaign/512-S-James-St-61821/home/126585640,MRED as Distributed by MLS Grid,12161691,N,Y,40.1109212,-88.2646342
MLS Listing,,Ranch,00 Route 136,Potomac,IL,61865,140000,,,Balance of Vermillion County,,508345,,1,,,Active,,,https://www.redfin.com/IL/Tennessee/US-Highway-136-Unknown/home/179206124,MRED as Distributed by MLS Grid,12159300,N,Y,40.30373293,-87.79026215
MLS Listing,,Condo/Co-op,1903 N Lincoln Ave #215,Urbana,IL,61801,170000,4,4.0,Urbana,1547,,2006,1,110,350,Active,,,https://www.redfin.com/IL/Urbana/1903-N-Lincoln-Ave-61801/unit-215/home/144939574,MRED as Distributed by MLS Grid,12166150,N,Y,40.129705,-88.2212787
MLS Listing,,Single Family Residential,100 W Church St,Potomac,IL,61865,240000,3,2.5,Balance of Vermillion County,2238,29949,,1,107,,Active,,,https://www.redfin.com/IL/Potomac/100-W-Church-St-61865/home/138197527,MRED as Distributed by MLS Grid,12166988,N,Y,40.3120063,-87.8010738
MLS Listing,,Condo/Co-op,1810 Lake Ridge Ct #1810,Mahomet,IL,61853,429900,5,3.0,Western Champaign County / Piatt & McClean Counties,1574,,2015,2,273,,Active,,,https://www.redfin.com/IL/Mahomet/1810-Lake-Ridge-Ct-61853/unit-1810/home/183973766,MRED as Distributed by MLS Grid,12166433,N,Y,40.1974665,-88.3746687
MLS Listing,,Single Family Residential,110 N West St,Homer,IL,61849,77000,2,1.0,Eastern Champaign County / Vermillion County,1196,14784,1952,2,64,,Active,,,https://www.redfin.com/IL/Homer/110-N-West-St-61849/home/126745633,MRED as Distributed by MLS Grid,12006804,N,Y,40.0369817,-87.9596703
MLS Listing,,Single Family Residential,102 E Willard St,Urbana,IL,61801,235000,4,2.0,University Downs,2094,10848,1987,2,112,,Active,,,https://www.redfin.com/IL/Urbana/102-E-Willard-St-61801/home/126444011,MRED as Distributed by MLS Grid,12158125,N,Y,40.0845652,-88.2068992
MLS Listing,,Condo/Co-op,3030 E Stillwater Lndg #204,Urbana,IL,61802,172900,2,2.0,Urbana,1350,,2006,2,128,170,Active,,,https://www.redfin.com/IL/Urbana/3030-E-Stillwater-Lndg-61802/unit-204/home/126458158,MRED as Distributed by MLS Grid,12142806,N,Y,40.0906928,-88.166645
MLS Listing,,Condo/Co-op,1901 N Lincoln Ave #217,Urbana,IL,61801,135000,2,2.0,Urbana,909,,2006,3,149,225,Active,,,https://www.redfin.com/IL/Urbana/1901-N-Lincoln-Ave-61801/unit-217/home/192583832,MRED as Distributed by MLS Grid,12165737,N,Y,40.1299058,-88.2201231
MLS Listing,,Condo/Co-op,1901 N Lincoln Ave #103,Urbana,IL,61801,135000,2,2.0,Urbana,909,,2006,3,149,225,Active,,,https://www.redfin.com/IL/Urbana/1901-N-Lincoln-Ave-61801/unit-103/home/181175571,MRED as Distributed by MLS Grid,12165722,N,Y,40.1299275,-88.2201372
MLS Listing,,Single Family Residential,2191 Wagon Trail Rd,White Heath,IL,61884,1495000,4,5.0,Wagon Trail Road,7428,259182,2016,3,201,,Active,,,https://www.redfin.com/IL/White-Heath/2191-Wagon-Trail-Rd-61884/home/145698147,MRED as Distributed by MLS Grid,12156803,N,Y,40.111006,-88.49365
MLS Listing,,Single Family Residential,601 Lake Falls Blvd,Savoy,IL,61874,699000,4,2.5,"Champaign, Savoy",2620,13189,2017,3,267,,Active,,,https://www.redfin.com/IL/Savoy/601-Lake-Falls-Blvd-61874/home/127779297,MRED as Distributed by MLS Grid,12162807,N,Y,40.041651,-88.2421422
MLS Listing,,Single Family Residential,1003 W William St,Champaign,IL,61821,359900,4,2.0,Chamber of Commerce,1797,6600,1925,3,200,,Active,,,https://www.redfin.com/IL/Champaign/1003-W-William-St-61821/home/126936935,MRED as Distributed by MLS Grid,12163830,N,Y,40.1070177,-88.260509
MLS Listing,,Single Family Residential,1613 Ivanhoe Way,Urbana,IL,61802,145000,3,1.0,Urbana,935,,1981,5,155,,Active,,,https://www.redfin.com/IL/Urbana/1613-Ivanhoe-Way-61802/home/127007414,MRED as Distributed by MLS Grid,12143862,N,Y,40.101572,-88.1881055
MLS Listing,,Single Family Residential,301 Sands Dr,Homer,IL,61849,189900,3,3.0,Eastern Champaign County / Vermillion County,1887,13320,,6,101,,Active,,,https://www.redfin.com/IL/Homer/301-S-Sands-Rd-61849/home/126590731,MRED as Distributed by MLS Grid,12164100,N,Y,40.0330697,-87.9619096
MLS Listing,,Single Family Residential,1107 Cobblefield Rd,Champaign,IL,61822,340000,3,2.5,Turnberry Ridge,2216,8280,2000,6,153,14,Active,,,https://www.redfin.com/IL/Champaign/1107-Cobblefield-Rd-61822/home/126670957,MRED as Distributed by MLS Grid,12163136,N,Y,40.1037548,-88.3096836
MLS Listing,,Vacant Land,1709 Harrington Dr,Champaign,IL,61821,85000,,,"Champaign, Savoy",,28749,,6,,,Active,,,https://www.redfin.com/IL/Champaign/1709-Harrington-Dr-61821/home/126911791,MRED as Distributed by MLS Grid,12163969,N,Y,40.0875775,-88.2760082
MLS Listing,,Townhouse,1524 Golfview Rd,Rantoul,IL,61866,169900,3,3.5,Northern Champaign County / Ford County,1956,,1964,6,87,4,Active,,,https://www.redfin.com/IL/Rantoul/1524-Golfview-Rd-61866/home/126953837,MRED as Distributed by MLS Grid,12158684,N,Y,40.297783,-88.129375
MLS Listing,,Single Family Residential,407 Red Bud Dr,Mahomet,IL,61853,392000,4,2.5,Western Champaign County / Piatt & McClean Counties,1974,9570,2024,6,199,,Active,,,https://www.redfin.com/IL/Mahomet/407-Red-Bud-Dr-61853/home/176080641,MRED as Distributed by MLS Grid,12078280,N,Y,40.1981039,-88.3674135
MLS Listing,,Multi-Family (2-4 Unit),1402 W Beech St,Urbana,IL,61801,89900,2,2.0,Urbana,,8712,1913,6,,,Active,,,https://www.redfin.com/IL/Urbana/1402-W-Beech-St-61801/home/126907056,MRED as Distributed by MLS Grid,12154927,N,Y,40.1224036,-88.2273674
MLS Listing,,Single Family Residential,2908 Blair Dr,Champaign,IL,61821,184900,3,1.5,"Champaign, Savoy",1438,8800,1959,6,129,,Active,,,https://www.redfin.com/IL/Champaign/2908-Blair-Dr-61821/home/126644682,MRED as Distributed by MLS Grid,12161386,N,Y,40.1111051,-88.2946346
MLS Listing,,Single Family Residential,4703 W Kirby Ave,Champaign,IL,61822,2100000,8,6.5,"Champaign, Savoy",7911,92782,2008,6,265,,Active,,,https://www.redfin.com/IL/Champaign/4703-W-Kirby-Ave-61822/home/127054725,MRED as Distributed by MLS Grid,12155966,N,Y,40.0980806,-88.324141
MLS Listing,,Single Family Residential,216 Red Bud Dr,Mahomet,IL,61853,392000,4,2.5,Western Champaign County / Piatt & McClean Counties,2014,9570,2024,6,195,,Active,,,https://www.redfin.com/IL/Mahomet/216-Red-Bud-Dr-61853/home/176080645,MRED as Distributed by MLS Grid,12077030,N,Y,40.1981286,-88.3685681
MLS Listing,,Townhouse,3301 Stoneway Ct,Champaign,IL,61822,279000,3,2.5,Boulder Ridge,1469,,2022,6,190,10,Active,,,https://www.redfin.com/IL/Champaign/3301-Stoneway-Ct-61822/home/127002632,MRED as Distributed by MLS Grid,12161828,N,Y,40.133164,-88.300291
MLS Listing,,Single Family Residential,2797 County Road 1700 N,Ogden,IL,61859,180000,3,2.0,Eastern Champaign County / Vermillion County,1341,53143,2013,7,134,,Active,,,https://www.redfin.com/IL/Ogden/2797-County-Road-1700-N-61859/home/172918906,MRED as Distributed by MLS Grid,12161484,N,Y,40.1261604,-87.9428076
MLS Listing,,Single Family Residential,808 S Prairie St,Champaign,IL,61820,174000,2,2.0,"Champaign, Savoy",1236,5600,,7,141,,Active,,,https://www.redfin.com/IL/Champaign/808-S-Prairie-St-61820/home/126971593,MRED as Distributed by MLS Grid,12163161,N,Y,40.1061999,-88.248126
MLS Listing,,Single Family Residential,2002 E Country Squire Dr,Urbana,IL,61802,129000,3,2.0,Country Squire Estates,1665,6098,1963,7,77,,Active,,,https://www.redfin.com/IL/Urbana/2002-E-Country-Squire-Dr-61802/home/126729325,MRED as Distributed by MLS Grid,12157930,N,Y,40.1026822,-88.1836315
MLS Listing,,Single Family Residential,816 W Vine St,Champaign,IL,61820,159000,3,2.0,"Champaign, Savoy",1360,5800,,7,117,,Active,,,https://www.redfin.com/IL/Champaign/816-W-Vine-St-61820/home/126426606,MRED as Distributed by MLS Grid,12135480,N,Y,40.1223724,-88.2564861
MLS Listing,,Vacant Land,2612 Brownfield Rd,Urbana,IL,61802,475000,,,Urbana,,554954,,7,,,Active,,,https://www.redfin.com/IL/Urbana/2612-Brownfield-Rd-61802/home/126734365,MRED as Distributed by MLS Grid,12160688,N,Y,40.1409116,-88.1698233
MLS Listing,,Single Family Residential,1007 Maplepark Dr,Champaign,IL,61821,159900,4,1.0,"Champaign, Savoy",1113,6534,1964,7,144,,Active,,,https://www.redfin.com/IL/Champaign/1007-Maplepark-Dr-61821/home/126586511,MRED as Distributed by MLS Grid,12157438,N,Y,40.1054008,-88.2946264
MLS Listing,,Single Family Residential,1002 E Florida Ave,Urbana,IL,61801,139900,3,1.0,Fairlawn Park,870,6900,1952,7,161,,Active,,,https://www.redfin.com/IL/Urbana/1002-E-Florida-Ave-61801/home/126865935,MRED as Distributed by MLS Grid,12159939,N,Y,40.0986167,-88.1965156
MLS Listing,,Single Family Residential,806 S Mccullough St,Urbana,IL,61801,187500,2,1.0,Urbana,953,3591,1920,7,197,,Active,,,https://www.redfin.com/IL/Urbana/806-S-McCullough-St-61801/home/126798863,MRED as Distributed by MLS Grid,12161373,N,Y,40.1059791,-88.2129346
MLS Listing,,Single Family Residential,8 Cedar Grove Ct,Savoy,IL,61874,475000,3,2.5,Fieldstone,1827,8929,2015,7,260,,Active,,,https://www.redfin.com/IL/Savoy/8-Cedar-Grove-Ct-61874/home/126739707,MRED as Distributed by MLS Grid,12148779,N,Y,40.0381746,-88.2488333
MLS Listing,,Townhouse,1021 Pheasant Cir,Savoy,IL,61874,249900,3,2.0,"Champaign, Savoy",1379,,1996,7,181,75,Active,,,https://www.redfin.com/IL/Savoy/1021-Pheasant-Cir-61874/home/127086448,MRED as Distributed by MLS Grid,12161968,N,Y,40.0667563,-88.2568167
MLS Listing,,Single Family Residential,1807 Vale St,Champaign,IL,61822,655000,5,4.0,Trails Edge,2907,11761,2005,7,225,,Active,,,https://www.redfin.com/IL/Champaign/1807-Vale-St-61822/home/127007426,MRED as Distributed by MLS Grid,12158554,N,Y,40.0930148,-88.3256947
MLS Listing,,Multi-Family (5+ Unit),617 W Springfield Ave,Champaign,IL,61820,350000,5,5.0,"Champaign, Savoy",,7840,1903,7,,,Active,,,https://www.redfin.com/IL/Champaign/617-W-Springfield-Ave-61820/home/126940273,MRED as Distributed by MLS Grid,12149514,N,Y,40.1124315,-88.25381
MLS Listing,,Multi-Family (5+ Unit),202 S Grove St,Urbana,IL,61802,210000,5,5.0,Urbana,,9930,1913,7,,,Active,,,https://www.redfin.com/IL/Urbana/202-S-Grove-St-61802/home/126907306,MRED as Distributed by MLS Grid,12162084,N,Y,40.111597,-88.2011661
MLS Listing,,Single Family Residential,606 W Park St,Thomasboro,IL,61878,119900,3,1.0,Northern Champaign County / Ford County,1152,10454,1966,8,104,,Active,,,https://www.redfin.com/IL/Thomasboro/606-W-Park-St-61878/home/126567954,MRED as Distributed by MLS Grid,12161590,N,Y,40.2407949,-88.1925986
MLS Listing,,Multi-Family (2-4 Unit),706 E Colorado Ave,Urbana,IL,61801,219900,6,2.0,Urbana,,12240,1977,8,,,Active,,,https://www.redfin.com/IL/Urbana/706-E-Colorado-Ave-61801/home/127106622,MRED as Distributed by MLS Grid,12155456,N,Y,40.0949297,-88.1977715
MLS Listing,,Single Family Residential,203 N Lane St,Potomac,IL,61865,89900,2,2.0,Balance of Vermillion County,1045,6150,1963,8,86,,Active,,,https://www.redfin.com/IL/Potomac/203-N-Lane-St-61865/home/138197543,MRED as Distributed by MLS Grid,12161248,N,Y,40.3085982,-87.7969235
MLS Listing,,Multi-Family (5+ Unit),1008 S Busey Ave,Urbana,IL,61801,495000,11,6.0,Urbana,,5940,1900,8,,,Active,,,https://www.redfin.com/IL/Urbana/1008-S-Busey-Ave-61801/home/126651237,MRED as Distributed by MLS Grid,12148787,N,Y,40.104042,-88.2173349
MLS Listing,,Single Family Residential,2414 Elizabeth St,Urbana,IL,61802,194500,3,2.0,Urbana,1597,11600,,9,122,,Active,,,https://www.redfin.com/IL/Urbana/2414-Elizabeth-St-61802/home/126853593,MRED as Distributed by MLS Grid,12150745,N,Y,40.1190427,-88.1740797
MLS Listing,,Single Family Residential,704 S Main St,Homer,IL,61849,199900,3,2.5,Eastern Champaign County / Vermillion County,1852,24393,1916,9,108,,Active,,,https://www.redfin.com/IL/Homer/704-S-Main-St-61849/home/126504965,MRED as Distributed by MLS Grid,12108144,N,Y,40.0292634,-87.958792
MLS Listing,,Townhouse,2005 Vawter St,Urbana,IL,61801,125000,3,1.5,Urbana,1260,,1966,9,99,145,Active,,,https://www.redfin.com/IL/Urbana/2005-Vawter-St-61801/home/126663804,MRED as Distributed by MLS Grid,12157179,N,Y,40.0928044,-88.1921511
MLS Listing,,Single Family Residential,411 S White St,Sidney,IL,61877,221900,3,2.0,Eastern Champaign County / Vermillion County,1539,,1988,9,144,,Active,,,https://www.redfin.com/IL/Sidney/411-S-White-St-61877/home/126931675,MRED as Distributed by MLS Grid,12132389,N,Y,40.0213234,-88.0679656
MLS Listing,,Single Family Residential,405 N Lynn St,Champaign,IL,61820,250000,4,2.0,"Champaign, Savoy",2043,6732,1903,9,122,,Active,,,https://www.redfin.com/IL/Champaign/405-N-Lynn-St-61820/home/126786360,MRED as Distributed by MLS Grid,12147473,N,Y,40.1197341,-88.2520667
MLS Listing,,Single Family Residential,309 Harpers Fry,Savoy,IL,61874,549900,5,3.5,Liberty on the Lakes,2300,8520,2024,9,239,19,Active,,,https://www.redfin.com/IL/Savoy/309-Harpers-Ferry-61874/home/172916765,MRED as Distributed by MLS Grid,12158993,N,Y,40.0579127,-88.2674094
MLS Listing,,Single Family Residential,807 W Harvard St,Champaign,IL,61820,89900,2,1.0,"Champaign, Savoy",652,5750,1948,10,138,,Active,,,https://www.redfin.com/IL/Champaign/807-W-Harvard-St-61820/home/126620518,MRED as Distributed by MLS Grid,12159036,N,Y,40.1237788,-88.2557455
MLS Listing,,Single Family Residential,1406 Scottsdale Dr,Champaign,IL,61821,189000,3,1.0,HOLIDAY PARK,1015,7840,1965,10,186,,Active,September-22-2024 02:00 PM,September-22-2024 04:00 PM,https://www.redfin.com/IL/Champaign/1406-Scottsdale-Dr-61821/home/127076830,MRED as Distributed by MLS Grid,12151028,N,Y,40.1002867,-88.2881005
MLS Listing,,Multi-Family (5+ Unit),407 E Elm St,Urbana,IL,61802,365000,5,5.0,Urbana,,8276,1989,10,,,Active,,,https://www.redfin.com/IL/Urbana/407-E-Elm-St-61802/home/192428924,MRED as Distributed by MLS Grid,12149160,N,Y,40.1114414,-88.2028422
MLS Listing,,Single Family Residential,2503 Appaloosa Ln,Mahomet,IL,61853,374900,3,2.0,Meadow,2639,28314,1995,10,142,,Active,,,https://www.redfin.com/IL/Mahomet/2503-Appaloosa-Ln-61853/home/126565721,MRED as Distributed by MLS Grid,12140608,N,Y,40.2289592,-88.3632033
MLS Listing,,Single Family Residential,108 W Franklin St,Fithian,IL,61844,160000,3,1.5,Fithian,1786,18731,1884,11,90,,Active,,,https://www.redfin.com/IL/Fithian/108-W-Franklin-St-61844/home/137745621,CIBR,6245449,N,Y,40.116339,-87.8742631
MLS Listing,,Single Family Residential,1404 English Oak Dr,Champaign,IL,61822,995000,6,5.5,Abbey Fields,4965,15245,2008,12,200,33,Active,,,https://www.redfin.com/IL/Champaign/1404-English-Oak-Dr-61822/home/127045042,MRED as Distributed by MLS Grid,12158062,N,Y,40.1018167,-88.3275078
MLS Listing,,Single Family Residential,414 S Dodson Dr,Urbana,IL,61802,208000,5,2.0,Urbana,1924,6000,1964,12,108,,Active,September-22-2024 02:00 PM,September-22-2024 04:00 PM,https://www.redfin.com/IL/Urbana/414-Dodson-Dr-S-61802/home/126975064,MRED as Distributed by MLS Grid,12129419,N,Y,40.1074167,-88.1759786
MLS Listing,,Single Family Residential,1008 Austin Dr,Urbana,IL,61802,124000,3,1.0,Urbana,967,6000,1974,12,128,,Active,,,https://www.redfin.com/IL/Urbana/1008-Austin-Dr-61802/home/126477457,MRED as Distributed by MLS Grid,12147557,N,Y,40.1045624,-88.1873151
MLS Listing,,Single Family Residential,2110 Country Squire Dr,Urbana,IL,61802,112500,3,1.0,Urbana,975,,1971,12,115,,Active,,,https://www.redfin.com/IL/Urbana/2110-E-Country-Squire-Dr-61802/home/126655810,MRED as Distributed by MLS Grid,12130260,N,Y,40.1027035,-88.1801325
MLS Listing,,Single Family Residential,1204 Oak Creek Rd,Mahomet,IL,61853,1250000,7,6.0,Oak Creek,6200,53578,1996,12,202,43,Active,,,https://www.redfin.com/IL/Mahomet/1204-Oak-Creek-Rd-61853/home/126944711,MRED as Distributed by MLS Grid,12151858,N,Y,40.1840486,-88.3872638
MLS Listing,,Single Family Residential,1608 Gates Dr,Rantoul,IL,61866,115000,3,1.0,Northern Champaign County / Ford County,1077,7840,1965,12,107,,Active,,,https://www.redfin.com/IL/Rantoul/1608-Gates-Dr-61866/home/126824236,MRED as Distributed by MLS Grid,12157991,N,Y,40.3102772,-88.1282049
MLS Listing,,Single Family Residential,21134 State Route 49 Rd,Fithian,IL,61844,218000,4,2.0,Balance of Vermillion County,2440,65340,,13,89,,Active,,,https://www.redfin.com/IL/Fithian/21134-State-Route-49-61844/home/137746898,MRED as Distributed by MLS Grid,12157034,N,Y,40.173277,-87.904309
MLS Listing,,Single Family Residential,816 N Prospect Ave,Champaign,IL,61820,89900,3,1.0,"Champaign, Savoy",884,9120,,13,102,,Active,,,https://www.redfin.com/IL/Champaign/816-N-Prospect-Ave-61820/home/126776097,MRED as Distributed by MLS Grid,12157785,N,Y,40.1243794,-88.2576342
MLS Listing,,Single Family Residential,1105 Brighton Dr,Urbana,IL,61801,227000,4,2.0,Ennis Ridge,1760,9583,1968,13,129,,Active,,,https://www.redfin.com/IL/Urbana/1105-Brighton-Dr-61801/home/126806957,MRED as Distributed by MLS Grid,12123147,N,Y,40.092834,-88.1943593
MLS Listing,,Single Family Residential,305 S West St,Homer,IL,61849,215000,4,2.0,Eastern Champaign County / Vermillion County,1867,7498,1967,13,115,,Active,,,https://www.redfin.com/IL/Homer/305-S-West-St-61849/home/126896153,MRED as Distributed by MLS Grid,12155140,N,Y,40.0328532,-87.9588938
MLS Listing,,Single Family Residential,7 Green St,Fisher,IL,61843,187000,3,2.0,Northern Champaign County / Ford County,1164,13000,1975,13,161,,Active,,,https://www.redfin.com/IL/Fisher/7-Green-St-61843/home/126926400,MRED as Distributed by MLS Grid,12157666,N,Y,40.3099567,-88.3510148
MLS Listing,,Vacant Land,301 Independence St,Dewey,IL,61840,15000,,,Northern Champaign County / Ford County,,10018,,13,,,Active,,,https://www.redfin.com/IL/Dewey/301-Independence-St-61840/home/126845661,MRED as Distributed by MLS Grid,12157646,N,Y,40.318992,-88.285298
MLS Listing,,Single Family Residential,1801 Cobblefield Ct,Champaign,IL,61822,879900,5,4.5,Lincolnshire Fields,4007,,1993,13,220,4,Active,,,https://www.redfin.com/IL/Champaign/1801-Cobblefield-Ct-61822/home/127046919,MRED as Distributed by MLS Grid,12055998,N,Y,40.0960838,-88.3071302
MLS Listing,,Vacant Land,408 E Sangamon Ave,Rantoul,IL,61866,10000,,,Samuel Smith's,,,,13,,,Active,,,https://www.redfin.com/IL/Rantoul/408-E-Sangamon-Ave-61866/home/127123574,MRED as Distributed by MLS Grid,12157225,N,Y,40.310274,-88.153526
MLS Listing,,Single Family Residential,343 Hickory Ct,Oakwood,IL,61858,89900,3,2.0,Oakwood,1574,15681,,13,57,,Active,,,https://www.redfin.com/IL/Oakwood/343-Hickory-Ct-61858/home/138123406,MRED as Distributed by MLS Grid,12156911,N,Y,40.1053341,-87.7715237
MLS Listing,,Single Family Residential,510 Doisy Ln,Champaign,IL,61822,199900,2,2.0,Ashland Park,1200,5227,2006,13,167,12,Active,September-21-2024 10:00 AM,September-21-2024 12:00 PM,https://www.redfin.com/IL/Champaign/510-Doisy-Ln-61822/home/127111358,MRED as Distributed by MLS Grid,12145321,N,Y,40.1508405,-88.2532942
MLS Listing,,Mobile/Manufactured Home,118 Lake Bluff Dr,Oakwood,IL,61858,42000,2,2.0,Oakwood,840,,2021,14,50,,Active,,,https://www.redfin.com/IL/Oakwood/118-Lake-Bluff-Dr-61858/home/137783594,CIBR,6245583,N,Y,40.1037572,-87.7752223
MLS Listing,,Single Family Residential,505 S Prospect Ave,Champaign,IL,61820,289000,4,2.0,"Champaign, Savoy",1841,8712,1941,14,157,,Active,,,https://www.redfin.com/IL/Champaign/505-S-Prospect-Ave-61820/home/126940614,MRED as Distributed by MLS Grid,12156598,N,Y,40.1111696,-88.258083
MLS Listing,,Single Family Residential,1007 E Michigan Ave,Urbana,IL,61801,140000,3,1.0,Urbana,1023,,1952,14,137,,Active,,,https://www.redfin.com/IL/Urbana/1007-E-Michigan-Ave-61801/home/126477300,MRED as Distributed by MLS Grid,12139875,N,Y,40.1014122,-88.1961171
MLS Listing,,Single Family Residential,406 W Florida Ave,Urbana,IL,61801,395000,4,2.0,Urbana,2357,6969,1936,14,168,,Active,,,https://www.redfin.com/IL/Urbana/406-W-Florida-Ave-61801/home/126800260,MRED as Distributed by MLS Grid,12142960,N,Y,40.0984748,-88.2125969
MLS Listing,,Single Family Residential,501 Sterling Dr,Tolono,IL,61880,405000,5,3.5,Deerpath,2369,11050,2007,14,171,17,Active,,,https://www.redfin.com/IL/Tolono/501-Sterling-Dr-61880/home/126837936,MRED as Distributed by MLS Grid,12148977,N,Y,39.9910166,-88.2667354
MLS Listing,,Single Family Residential,4906 Westborough Dr,Champaign,IL,61822,650000,5,4.5,"Champaign, Savoy",3053,10873,2006,14,213,,Active,,,https://www.redfin.com/IL/Champaign/4906-Westborough-Dr-61822/home/126738164,MRED as Distributed by MLS Grid,12121884,N,Y,40.0948772,-88.3273716
MLS Listing,,Condo/Co-op,301 N Neil St #603,Champaign,IL,61820,195000,1,1.0,"Champaign, Savoy",680,,2010,14,287,,Active,,,https://www.redfin.com/IL/Champaign/301-603-N-Neil-St-Unknown/unit-603/home/184777257,MRED as Distributed by MLS Grid,12156160,N,Y,40.1327643,-88.2437377
MLS Listing,,Single Family Residential,1116 Charles St,Champaign,IL,61821,375000,4,2.0,Chamber of Commerce,1918,15540,1929,15,196,,Active,,,https://www.redfin.com/IL/Champaign/1116-W-Charles-St-61821/home/126727695,MRED as Distributed by MLS Grid,11997053,N,Y,40.1066256,-88.263977
MLS Listing,,Single Family Residential,322 Mary Alice Rd,Rantoul,IL,61866,110000,3,1.0,Garden Manor,926,6534,1953,15,119,,Active,,,https://www.redfin.com/IL/Rantoul/322-Mary-Alice-Rd-61866/home/126946762,MRED as Distributed by MLS Grid,12155204,N,Y,40.3059229,-88.1633472
MLS Listing,,Single Family Residential,4006 Lake Point Rd,Champaign,IL,61822,850000,5,5.5,Lake Point,5066,23522,,15,168,,Active,,,https://www.redfin.com/IL/Champaign/4006-Lakepoint-Rd-61822/home/126960594,MRED as Distributed by MLS Grid,12137156,N,Y,40.0903685,-88.31078
MLS Listing,,Single Family Residential,607 Red Bud Dr,Mahomet,IL,61853,385000,4,2.5,Western Champaign County / Piatt & McClean Counties,2260,10454,2017,15,170,13,Active,,,https://www.redfin.com/IL/Mahomet/607-Red-Bud-Dr-61853/home/127778452,MRED as Distributed by MLS Grid,12152077,N,Y,40.202647,-88.369836
MLS Listing,,Single Family Residential,1908 Sangamon Dr,Champaign,IL,61821,232000,4,1.0,"Champaign, Savoy",1421,10029,1958,15,163,,Active,,,https://www.redfin.com/IL/Champaign/1908-Sangamon-Dr-61821/home/126728184,MRED as Distributed by MLS Grid,12146435,N,Y,40.1025714,-88.2791917
MLS Listing,,Condo/Co-op,102 Essex Ln #5,Savoy,IL,61874,215000,2,2.0,The Courtyards,1330,,2006,15,162,140,Active,September-22-2024 02:00 PM,September-22-2024 04:00 PM,https://www.redfin.com/IL/Savoy/102-Essex-Ln-61874/unit-5/home/192356399,MRED as Distributed by MLS Grid,12141993,N,Y,40.0549045,-88.2470281
MLS Listing,,Single Family Residential,206 Dodson Dr E,Urbana,IL,61802,209900,3,1.5,Urbana,1315,19602,1953,15,160,,Active,,,https://www.redfin.com/IL/Urbana/206-Dodson-Dr-E-61802/home/127097317,MRED as Distributed by MLS Grid,12124353,N,Y,40.114441,-88.1727164
MLS Listing,,Ranch,1808 N Oak St,Urbana,IL,61801,522000,,,Urbana,,454766,,15,,,Active,,,https://www.redfin.com/IL/Urbana/1808-N-Oak-St-61802/home/192356088,MRED as Distributed by MLS Grid,12148197,N,Y,40.131431,-88.23083
MLS Listing,,Ranch,1408 N 5th St,Champaign,IL,61820,918000,,,"Champaign, Savoy",,799761,,15,,,Active,,,https://www.redfin.com/IL/Champaign/1408-N-5th-St-61820/home/192356074,MRED as Distributed by MLS Grid,12146161,N,Y,40.129723,-88.231611
MLS Listing,,Single Family Residential,603 Dianne Ct,Mahomet,IL,61853,325000,3,3.0,Western Champaign County / Piatt & McClean Counties,2422,,1985,16,134,,Active,,,https://www.redfin.com/IL/Mahomet/603-Dianne-Ct-61853/home/126765220,MRED as Distributed by MLS Grid,12153680,N,Y,40.2006193,-88.4164338
MLS Listing,,Single Family Residential,209 Clayton Dr,Mahomet,IL,61853,264900,4,2.0,Western Champaign County / Piatt & McClean Counties,2334,,1978,16,113,,Active,,,https://www.redfin.com/IL/Mahomet/209-Clayton-Dr-61853/home/126884631,MRED as Distributed by MLS Grid,12139135,N,Y,40.1982861,-88.4181427
MLS Listing,,Single Family Residential,1407 Greenridge Dr,Urbana,IL,61802,169900,3,1.5,Lincolnwood,1199,,1992,16,142,,Active,,,https://www.redfin.com/IL/Urbana/1407-Greenridge-Dr-61802/home/127005852,MRED as Distributed by MLS Grid,12146357,N,Y,40.1013391,-88.1774313
MLS Listing,,Single Family Residential,2904 Wynstone Dr,Champaign,IL,61822,440000,4,3.0,Cherry Hills,2713,,2001,18,162,8,Active,,,https://www.redfin.com/IL/Champaign/2904-Wynstone-Dr-61822/home/126707210,MRED as Distributed by MLS Grid,12141236,N,Y,40.0764374,-88.2847837
MLS Listing,,Ranch,900 County Road 1000 N,Champaign,IL,61822,722400,,,"Champaign, Savoy",,1682287,,19,,,Active,,,https://www.redfin.com/IL/Champaign/900-County-Road-1000-N-61822/home/192312321,MRED as Distributed by MLS Grid,12152543,N,Y,40.0252945,-88.2943483
MLS Listing,,Single Family Residential,2706 Berniece Dr,Champaign,IL,61822,314900,4,3.0,Rolling Acres,2400,15422,1972,19,131,,Active,,,https://www.redfin.com/IL/Champaign/2706-Berniece-Dr-61822/home/127068332,MRED as Distributed by MLS Grid,12039742,N,Y,40.066409,-88.2914179
MLS Listing,,Condo/Co-op,2127 Harbortown Cir #0,Champaign,IL,61821,190000,3,1.5,"Champaign, Savoy",1475,,1982,20,129,195,Active,,,https://www.redfin.com/IL/Champaign/2127-Harbortown-Cir-61821/home/126650926,MRED as Distributed by MLS Grid,12145045,N,Y,40.0888646,-88.2746529
MLS Listing,,Single Family Residential,1319 County Road 2125 E,St. Joseph,IL,61873,639500,6,3.5,Eastern Champaign County / Vermillion County,4200,208652,,20,152,,Active,,,https://www.redfin.com/IL/Saint-Joseph/1319-County-Road-2125-E-61873/home/126825155,MRED as Distributed by MLS Grid,12151889,N,Y,40.0721791,-88.0615147
MLS Listing,,Single Family Residential,2705 E Stone Creek Blvd,Urbana,IL,61802,574900,5,3.5,Urbana,1780,9583,2024,20,323,13,Active,,,https://www.redfin.com/IL/Urbana/2705-E-Stone-Creek-Blvd-61802/home/126818665,MRED as Distributed by MLS Grid,12151721,N,Y,40.097578,-88.1756149
MLS Listing,,Single Family Residential,1904 S Lucas St,Urbana,IL,61802,340000,3,3.0,Prairie Winds,1775,12160,2024,21,192,,Active,September-22-2024 02:00 PM,September-22-2024 04:00 PM,https://www.redfin.com/IL/Urbana/1904-S-Lucas-St-61802/home/126667719,MRED as Distributed by MLS Grid,12149227,N,Y,40.093944,-88.182816
MLS Listing,,Single Family Residential,1907 E Colorado Ave,Urbana,IL,61802,320000,3,2.0,Prairie Winds,1506,12160,2024,21,212,,Active,September-22-2024 02:00 PM,September-22-2024 04:00 PM,https://www.redfin.com/IL/Urbana/1907-E-Colorado-Ave-61802/home/126711144,MRED as Distributed by MLS Grid,12149174,N,Y,40.094161,-88.182274
MLS Listing,,Single Family Residential,2801 Sangamon Dr,Champaign,IL,61821,180000,3,1.5,"Champaign, Savoy",1214,6098,1964,21,148,,Active,,,https://www.redfin.com/IL/Champaign/2801-Sangamon-Dr-61821/home/126803564,MRED as Distributed by MLS Grid,12150873,N,Y,40.1019892,-88.2923173
MLS Listing,,Mobile/Manufactured Home,632 Williamson Ct,Mahomet,IL,61853,56000,2,1.0,Western Champaign County / Piatt & McClean Counties,,,1995,21,,,Active,,,https://www.redfin.com/IL/Mahomet/632-Williamson-Ct-61853/home/180165491,MRED as Distributed by MLS Grid,12147854,N,Y,40.1986965,-88.3615523
MLS Listing,,Single Family Residential,2416 E Oregon St,Urbana,IL,61802,169900,3,2.0,Urbana,1776,,1964,21,96,,Active,,,https://www.redfin.com/IL/Urbana/2416-E-Oregon-St-61802/home/127097536,MRED as Distributed by MLS Grid,12147410,N,Y,40.1074353,-88.1748092
MLS Listing,,Single Family Residential,3006 Meadowbrook Ct,Champaign,IL,61822,340000,5,3.5,Lincolnshire Fields,3293,12196,1970,21,103,,Active,September-22-2024 02:00 PM,September-22-2024 04:00 PM,https://www.redfin.com/IL/Champaign/3006-Meadowbrook-Ct-61822/home/126746224,MRED as Distributed by MLS Grid,12093317,N,Y,40.0859212,-88.2961416
MLS Listing,,Single Family Residential,1503 English Oak Dr,Champaign,IL,61822,735000,6,5.0,Trails at Abbey Fields,2894,12196,2010,22,254,33,Active,,,https://www.redfin.com/IL/Champaign/1503-English-Oak-Dr-61822/home/126674912,MRED as Distributed by MLS Grid,12148324,N,Y,40.1002302,-88.3281432
MLS Listing,,Single Family Residential,2207 Rainbow Dr,Urbana,IL,61802,149900,3,2.0,Urbana,1284,7405,2013,22,117,,Active,,,https://www.redfin.com/IL/Urbana/2207-Rainbow-Vw-61802/home/126808368,MRED as Distributed by MLS Grid,12136210,N,Y,40.1033896,-88.1789656
MLS Listing,,Single Family Residential,206 E Crittenden St,Homer,IL,61849,75000,4,2.0,Eastern Champaign County / Vermillion County,2352,9147,1910,23,32,,Active,,,https://www.redfin.com/IL/Homer/206-E-Crittenden-St-61849/home/127188320,MRED as Distributed by MLS Grid,12149204,N,Y,40.0316502,-87.9557749
MLS Listing,,Single Family Residential,2309 Sumac Ct,Champaign,IL,61821,224900,3,2.0,"Champaign, Savoy",1284,8712,1980,24,175,,Active,,,https://www.redfin.com/IL/Champaign/2309-Sumac-Ct-S-61821/home/126999747,MRED as Distributed by MLS Grid,12137854,N,Y,40.0852792,-88.2785445
MLS Listing,,Single Family Residential,1502 S Orchard St,Urbana,IL,61801,385000,3,2.5,Urbana,2243,6969,1925,25,172,,Active,September-22-2024 02:00 PM,September-22-2024 04:00 PM,https://www.redfin.com/IL/Urbana/1502-S-Orchard-St-61801/home/126799140,MRED as Distributed by MLS Grid,12143567,N,Y,40.0996187,-88.2141164
MLS Listing,,Condo/Co-op,208 Augusta Ct #208,Fisher,IL,61843,224900,3,2.0,Northern Champaign County / Ford County,1289,5724,2011,26,174,,Active,,,https://www.redfin.com/IL/Fisher/208-Augusta-Ct-61843/unit-208/home/192222403,MRED as Distributed by MLS Grid,12146957,N,Y,40.3128058,-88.3565206
MLS Listing,,Single Family Residential,506 S Poplar St,Urbana,IL,61802,155000,2,2.0,Urbana,1288,7800,2006,26,120,,Active,,,https://www.redfin.com/IL/Urbana/506-S-Poplar-St-61802/home/127020563,MRED as Distributed by MLS Grid,12130844,N,Y,40.1088722,-88.1942949
MLS Listing,,Single Family Residential,403 W Charles St,Champaign,IL,61820,174000,2,1.0,"Champaign, Savoy",900,9024,1918,27,193,,Active,,,https://www.redfin.com/IL/Champaign/403-W-Charles-St-61820/home/126876400,MRED as Distributed by MLS Grid,12123051,N,Y,40.1056385,-88.2488834
MLS Listing,,Single Family Residential,205 W Park St,Urbana,IL,61801,225000,4,3.0,Urbana,2047,3960,1894,27,110,,Active,September-21-2024 11:00 AM,September-21-2024 01:00 PM,https://www.redfin.com/IL/Urbana/205-W-Park-St-61801/home/126729268,MRED as Distributed by MLS Grid,12144961,N,Y,40.1172795,-88.2096936
MLS Listing,,Single Family Residential,1310 Sweet Grass Dr,Mahomet,IL,61853,450000,4,2.0,Ridge Creek,1693,12196,2019,27,266,10,Active,September-22-2024 02:00 PM,September-22-2024 04:00 PM,https://www.redfin.com/IL/Mahomet/1310-Sweet-Grass-Dr-61853/home/172917479,MRED as Distributed by MLS Grid,12140086,N,Y,40.2161533,-88.3621437
MLS Listing,,Townhouse,1612 Golfview Rd,Rantoul,IL,61866,124900,3,1.0,Golfview,1557,3273,1964,28,80,4,Active,,,https://www.redfin.com/IL/Rantoul/1612-Golfview-Rd-61866/home/126853956,MRED as Distributed by MLS Grid,12123621,N,Y,40.2984677,-88.1284714
MLS Listing,,Single Family Residential,28588 Bean Creek Rd,Potomac,IL,61865,268000,3,2.0,Potomac,3900,95396,1987,28,69,,Active,,,https://www.redfin.com/IL/Potomac/28588-Bean-Creek-Rd-61865/home/138131784,CIBR,6245458,N,Y,40.2711392,-87.783285
MLS Listing,,Single Family Residential,1035 County Road 2200 Rd,Sidney,IL,61877,160000,3,2.0,Eastern Champaign County / Vermillion County,1624,53284,,28,99,,Active,,,https://www.redfin.com/IL/Sidney/1035-County-Road-2200-E-61877/home/126845027,MRED as Distributed by MLS Grid,12095107,N,Y,40.0308105,-88.0481332
MLS Listing,,Single Family Residential,1504 Ogelthorpe Ave,Urbana,IL,61802,240000,4,3.5,Savanna Green,1617,5009,2003,28,148,,Active,,,https://www.redfin.com/IL/Urbana/1504-Ogelthorpe-Ave-61802/home/127181615,MRED as Distributed by MLS Grid,12142279,N,Y,40.100162,-88.1746996
MLS Listing,,Single Family Residential,918 W Eads St,Urbana,IL,61801,155000,3,2.0,Urbana,1284,,1997,29,121,,Active,,,https://www.redfin.com/IL/Urbana/918-W-Eads-St-61801/home/126984685,MRED as Distributed by MLS Grid,12136197,N,Y,40.1234733,-88.221469
MLS Listing,,Single Family Residential,3103 Timberline Dr,Champaign,IL,61822,249900,3,2.0,"Champaign, Savoy",1421,,2007,29,176,,Active,,,https://www.redfin.com/IL/Champaign/3103-Timberline-Dr-61822/home/126853868,MRED as Distributed by MLS Grid,12144494,N,Y,40.1280864,-88.2971523
MLS Listing,,Single Family Residential,103 E Sherwin Dr,Urbana,IL,61802,410000,4,2.5,Yankee Ridge,2600,19602,1969,29,158,40,Active,,,https://www.redfin.com/IL/Urbana/103-E-Sherwin-Dr-61802/home/127140727,MRED as Distributed by MLS Grid,12135955,N,Y,40.073326,-88.206684
MLS Listing,,Single Family Residential,2022 Cynthia Dr,Champaign,IL,61821,144000,3,1.0,"Champaign, Savoy",1073,,1958,29,134,,Active,,,https://www.redfin.com/IL/Champaign/2022-Cynthia-Dr-61821/home/126438006,MRED as Distributed by MLS Grid,12135465,N,Y,40.1388472,-88.2746493
MLS Listing,,Single Family Residential,510 Stout St,St. Joseph,IL,61873,199900,3,1.5,Eastern Champaign County / Vermillion County,1186,10594,,29,169,,Active,September-21-2024 10:00 AM,September-21-2024 12:00 PM,https://www.redfin.com/IL/Saint-Joseph/510-Stout-St-61873/home/126952218,MRED as Distributed by MLS Grid,12123454,N,Y,40.1162556,-88.036729
MLS Listing,,Single Family Residential,1008 E Delaware Ave,Urbana,IL,61801,166000,3,2.0,Urbana,1225,4400,1965,30,136,,Active,,,https://www.redfin.com/IL/Urbana/1008-E-Delaware-Ave-61801/home/126935653,MRED as Distributed by MLS Grid,12143616,N,Y,40.0993946,-88.1958735
MLS Listing,,Single Family Residential,2011 Cureton Dr,Urbana,IL,61801,234900,3,2.0,Urbana,1317,10018,,30,178,,Active,,,https://www.redfin.com/IL/Urbana/2011-Cureton-Dr-61801/home/126706902,MRED as Distributed by MLS Grid,12134875,N,Y,40.0924476,-88.2008981
MLS Listing,,Single Family Residential,1316 Broadmoor Dr,Champaign,IL,61821,615000,5,4.0,Old Farm,4015,,1980,30,153,,Active,September-22-2024 02:00 PM,September-22-2024 04:00 PM,https://www.redfin.com/IL/Champaign/1316-Broadmoor-Dr-61821/home/126932969,MRED as Distributed by MLS Grid,12143215,N,Y,40.0944098,-88.2691249
MLS Listing,,Vacant Land,Lot 9 Raintree Woods Dr,Urbana,IL,61802,124900,,,Raintree Woods,,43995,,30,,,Active,,,https://www.redfin.com/IL/Urbana/Lot-9-Raintree-Woods-Dr-61802/home/187618761,MRED as Distributed by MLS Grid,12142312,N,Y,40.126278,-88.1738309
MLS Listing,,Single Family Residential,611 Corey Ln,Champaign,IL,61822,244500,3,2.0,Ashland Park,1455,5382,2005,30,168,7,Active,,,https://www.redfin.com/IL/Champaign/611-Corey-Ln-61822/home/126960868,MRED as Distributed by MLS Grid,12134446,N,Y,40.1510982,-88.2546118
MLS Listing,,Single Family Residential,410 N Edwin St,Champaign,IL,61821,189900,3,1.0,"Champaign, Savoy",1462,6710,1914,31,130,,Active,,,https://www.redfin.com/IL/Champaign/410-N-Edwin-St-61821/home/126583788,MRED as Distributed by MLS Grid,12129921,N,Y,40.1201044,-88.2659539
MLS Listing,,Single Family Residential,1901 Branch Rd,Champaign,IL,61821,298000,3,2.0,"Champaign, Savoy",1937,9785,1981,31,154,,Active,,,https://www.redfin.com/IL/Champaign/1901-Branch-Rd-61821/home/126888694,MRED as Distributed by MLS Grid,12142250,N,Y,40.0867148,-88.2767005
MLS Listing,,Single Family Residential,111 S Sheridan St,Seymour,IL,61875,249900,3,2.5,Western Champaign County / Piatt & McClean Counties,1574,14840,2025,31,159,,Active,,,https://www.redfin.com/IL/Seymour/111-S-Sheridan-St-61875/home/126918094,MRED as Distributed by MLS Grid,12142171,N,Y,40.1060294,-88.4298993
MLS Listing,,Single Family Residential,605 E First St,Homer,IL,61849,85000,2,1.5,Eastern Champaign County / Vermillion County,1450,7392,1967,31,59,,Active,,,https://www.redfin.com/IL/Homer/605-E-1st-St-61849/home/126498900,MRED as Distributed by MLS Grid,12136753,N,Y,40.0360583,-87.9512229
MLS Listing,,Vacant Land,608 Isabella Dr,Mahomet,IL,61853,65000,,,Sangamon Fields,,,,32,,,Active,,,https://www.redfin.com/IL/Mahomet/608-Isabella-Dr-61853/home/179804505,MRED as Distributed by MLS Grid,12138604,N,Y,40.1734719,-88.400948
MLS Listing,,Single Family Residential,703 Isabella Dr,Mahomet,IL,61853,459900,4,2.5,Sangamon Fields,2338,7840,2024,33,197,,Active,,,https://www.redfin.com/IL/Mahomet/703-Isabella-Dr-61853/home/191217668,MRED as Distributed by MLS Grid,12138307,N,Y,40.1730021,-88.400536
MLS Listing,,Single Family Residential,615 Bardeen Ln,Champaign,IL,61822,259900,4,3.0,"Champaign, Savoy",1604,5391,2005,33,162,7,Active,,,https://www.redfin.com/IL/Champaign/615-Bardeen-Ln-61822/home/126892386,MRED as Distributed by MLS Grid,12117398,N,Y,40.1518501,-88.2549961
MLS Listing,,Mobile/Manufactured Home,1801 Liberty Ave,Urbana,IL,61802,75000,3,2.0,Urbana,,,2003,34,,,Active,,,https://www.redfin.com/IL/Urbana/1801-Liberty-Ave-61802/home/167160322,MRED as Distributed by MLS Grid,12135966,N,Y,40.1334607,-88.1910532
MLS Listing,,Multi-Family (2-4 Unit),3311-3313 Boulder Ridge Dr,Champaign,IL,61822,450000,6,5.0,"Champaign, Savoy",,5280,2021,34,,,Active,,,https://www.redfin.com/IL/Champaign/3311-Boulder-Ridge-Dr-61822/home/127042900,MRED as Distributed by MLS Grid,12140326,N,Y,40.133591,-88.3007669
MLS Listing,,Multi-Family (2-4 Unit),3319-3321 Boulder Ridge Dr,Champaign,IL,61822,450000,6,5.0,"Champaign, Savoy",,18480,2021,34,,,Active,,,https://www.redfin.com/IL/Champaign/3319-Boulder-Ridge-Dr-61822/home/127187056,MRED as Distributed by MLS Grid,12140432,N,Y,40.1332097,-88.3011931
MLS Listing,,Multi-Family (2-4 Unit),3315-3317 Boulder Ridge Dr,Champaign,IL,61822,450000,9,5.0,"Champaign, Savoy",,18480,2021,34,,,Active,,,https://www.redfin.com/IL/Champaign/3315-Boulder-Ridge-Dr-61822/home/127192570,MRED as Distributed by MLS Grid,12140397,N,Y,40.1333569,-88.300944
MLS Listing,,Single Family Residential,202 S Cottage Grove Ave,Urbana,IL,61802,127000,2,1.0,Urbana,900,6300,,34,141,,Active,,,https://www.redfin.com/IL/Urbana/202-S-Cottage-Grove-Ave-61802/home/126836675,MRED as Distributed by MLS Grid,11965612,N,Y,40.1118716,-88.1955498
MLS Listing,,Single Family Residential,17792 N 740 East Rd,Oakwood,IL,61858,259000,5,2.5,Oakwood,3391,30492,1926,34,76,,Active,,,https://www.redfin.com/IL/Oakwood/17792-N-740-East-Rd-61858/home/138201292,CIBR,6245343,N,Y,40.124791,-87.797838
MLS Listing,,Multi-Family (2-4 Unit),402 S Cottage Grove Ave,Urbana,IL,61802,144900,3,2.0,Urbana,,6800,1913,35,,,Active,,,https://www.redfin.com/IL/Urbana/402-S-Cottage-Grove-Ave-61802/home/192317312,MRED as Distributed by MLS Grid,12139558,N,Y,40.1099446,-88.1955194
MLS Listing,,Mobile/Manufactured Home,563 Randolph St,Mahomet,IL,61853,70000,4,2.5,Western Champaign County / Piatt & McClean Counties,,,1995,35,,,Active,,,https://www.redfin.com/IL/Mahomet/563-Randolph-St-61853/home/192074943,MRED as Distributed by MLS Grid,12136440,N,Y,40.2006494,-88.3608471
MLS Listing,,Single Family Residential,614 W Florida Ave,Urbana,IL,61801,239900,3,1.0,Urbana,1462,5706,1951,36,164,,Active,,,https://www.redfin.com/IL/Urbana/614-W-Florida-Ave-61801/home/127170112,MRED as Distributed by MLS Grid,12121316,N,Y,40.0985145,-88.2158134
MLS Listing,,Single Family Residential,2197 Parrish Dr,St. Joseph,IL,61873,169900,4,2.0,Eastern Champaign County / Vermillion County,1830,14310,1993,36,93,,Active,,,https://www.redfin.com/IL/Saint-Joseph/2197-Parrish-Dr-61873/home/127128642,MRED as Distributed by MLS Grid,12136501,N,Y,40.1003789,-88.048263
MLS Listing,,Single Family Residential,2808 Clarion Rd,Urbana,IL,61802,379900,3,2.0,Urbana,1894,12877,2024,36,201,,Active,,,https://www.redfin.com/IL/Urbana/2808-Clarion-Rd-61802/home/127108538,MRED as Distributed by MLS Grid,12137741,N,Y,40.118671,-88.170187
MLS Listing,,Single Family Residential,2814 Clarion Rd,Urbana,IL,61802,389900,3,2.5,Urbana,1939,6084,2024,36,201,,Active,,,https://www.redfin.com/IL/Urbana/2814-Clarion-Rd-61802/home/126988230,MRED as Distributed by MLS Grid,12137750,N,Y,40.118593,-88.169342
MLS Listing,,Single Family Residential,301 S Poplar St,Urbana,IL,61802,135000,3,1.0,Busey Dunlap,984,6800,1903,37,137,,Active,,,https://www.redfin.com/IL/Urbana/301-S-Poplar-St-61802/home/126797866,MRED as Distributed by MLS Grid,12132163,N,Y,40.1107585,-88.1948449
MLS Listing,,Single Family Residential,1116 Joanne Ln,Champaign,IL,61821,114900,4,1.0,"Champaign, Savoy",1348,7524,1957,37,85,,Active,,,https://www.redfin.com/IL/Champaign/1116-Joanne-Ln-61821/home/127137422,MRED as Distributed by MLS Grid,12050050,N,Y,40.1310825,-88.2648953
MLS Listing,,Single Family Residential,5115 Jacks Blvd,Champaign,IL,61822,559900,5,3.5,Wills Trace,2303,8712,2008,37,243,25,Active,,,https://www.redfin.com/IL/Champaign/5115-Jacks-Blvd-61822/home/127037633,MRED as Distributed by MLS Grid,12130868,N,Y,40.0900288,-88.3316367
MLS Listing,,Vacant Land,319 Ernray Ln,Gifford,IL,61847,13000,,,Ernray,,20908,,37,,,Active,,,https://www.redfin.com/IL/Gifford/Unknown-Unknown/home/143472103,MRED as Distributed by MLS Grid,12137273,N,Y,40.3058679,-88.0211489
MLS Listing,,Vacant Land,323 Ernray Ln,Gifford,IL,61847,13000,,,Ernray,,20037,,37,,,Active,,,https://www.redfin.com/IL/Gifford/Unknown-Unknown/home/143472621,MRED as Distributed by MLS Grid,12137265,N,Y,40.3058679,-88.0211489
MLS Listing,,Vacant Land,317 Ernray Ln,Gifford,IL,61847,13000,,,Ernray,,20908,,37,,,Active,,,https://www.redfin.com/IL/Gifford/Unknown-Unknown/home/143472032,MRED as Distributed by MLS Grid,12137258,N,Y,40.3058679,-88.0211489
MLS Listing,,Vacant Land,309 Ernray Ln,Gifford,IL,61847,13000,,,Ernray,,20908,,37,,,Active,,,https://www.redfin.com/IL/Gifford/Unknown-Unknown/home/143472753,MRED as Distributed by MLS Grid,12137249,N,Y,40.3058679,-88.0211489
MLS Listing,,Vacant Land,321 Ernray Ln,Gifford,IL,61847,13000,,,Ernray,,20037,,37,,,Active,,,https://www.redfin.com/IL/Gifford/Unknown-Unknown/home/143471877,MRED as Distributed by MLS Grid,12137068,N,Y,40.3058679,-88.0211489
MLS Listing,,Single Family Residential,1815 Cobble Creek Dr,Mahomet,IL,61853,650000,6,4.5,Western Champaign County / Piatt & McClean Counties,3311,22990,2006,38,196,22,Active,,,https://www.redfin.com/IL/Mahomet/1815-Cobble-Creek-Dr-61853/home/127017785,MRED as Distributed by MLS Grid,12120215,N,Y,40.2161755,-88.3714269
MLS Listing,,Single Family Residential,1109 S Prairie St,Champaign,IL,61820,149900,2,2.0,Swigart & Dillman,972,4356,1923,38,154,,Active,,,https://www.redfin.com/IL/Champaign/1109-S-Prairie-St-61820/home/126644109,MRED as Distributed by MLS Grid,12128057,N,Y,40.1034478,-88.2486232
MLS Listing,,Single Family Residential,1003 Page Dr,Champaign,IL,61821,385000,3,2.5,"Champaign, Savoy",2364,13200,1973,38,163,,Active,September-28-2024 11:00 AM,September-28-2024 01:00 PM,https://www.redfin.com/IL/Champaign/1003-Page-Dr-61821/home/126701778,MRED as Distributed by MLS Grid,12109486,N,Y,40.0848897,-88.2591031
MLS Listing,,Ranch,Lot 1 County Road 800 East,Dewey,IL,61840,99000,,,Northern Champaign County / Ford County,,217800,,38,,,Active,,,https://www.redfin.com/IL/Dewey/Lot-1-County-Road-800-E-61840/home/190912018,MRED as Distributed by MLS Grid,12136309,N,Y,40.2767006,-88.3085748
MLS Listing,,Vacant Land,1314 S Duncan Rd,Champaign,IL,61821,26000,,,"Champaign, Savoy",,6500,,38,,,Active,,,https://www.redfin.com/IL/Champaign/1314-S-Duncan-Rd-61821/home/127011500,MRED as Distributed by MLS Grid,12135909,N,Y,40.1007442,-88.2949973
MLS Listing,,Single Family Residential,507 Harpers Fry,Savoy,IL,61874,519900,4,4.0,Liberty on the Lakes,2178,8712,2024,38,239,19,Active,,,https://www.redfin.com/IL/Savoy/507-Harpers-Ferry-61874/home/172916751,MRED as Distributed by MLS Grid,12132097,N,Y,40.0588899,-88.2723125
MLS Listing,,Single Family Residential,621 W Clark St,Champaign,IL,61820,420000,4,2.0,"Champaign, Savoy",3114,8026,1873,39,135,,Active,,,https://www.redfin.com/IL/Champaign/621-W-Clark-St-61820/home/126989453,MRED as Distributed by MLS Grid,12130491,N,Y,40.1150633,-88.2540238
MLS Listing,,Single Family Residential,610 Goldenview Dr,Champaign,IL,61821,163900,3,1.0,Weller's Ridgewood,958,6534,1973,39,171,,Active,,,https://www.redfin.com/IL/Champaign/610-Goldenview-Dr-61821/home/127161372,MRED as Distributed by MLS Grid,12124211,N,Y,40.1102039,-88.3017563
MLS Listing,,Single Family Residential,408 Beringer Cir,Urbana,IL,61802,659000,5,3.5,Beringer Commons,4832,,2000,40,136,17,Active,,,https://www.redfin.com/IL/Urbana/408-Beringer-Cir-61802/home/127032062,MRED as Distributed by MLS Grid,12109929,N,Y,40.1162456,-88.1684333
MLS Listing,,Single Family Residential,2411 Prairieridge Pl,Champaign,IL,61822,549000,3,2.5,Robeson West,4574,14810,2001,40,120,95,Active,September-19-2024 04:30 PM,September-19-2024 06:30 PM,https://www.redfin.com/IL/Champaign/2411-Prairieridge-Pl-61822/home/126807866,MRED as Distributed by MLS Grid,12132545,N,Y,40.0829916,-88.298944
MLS Listing,,Single Family Residential,1112 Lincolnshire Dr,Champaign,IL,61821,349000,4,3.0,"Champaign, Savoy",1833,,1958,41,190,,Active,,,https://www.redfin.com/IL/Champaign/1112-Lincolnshire-Dr-61821/home/186787527,MRED as Distributed by MLS Grid,12113758,N,Y,40.0975468,-88.2645604
MLS Listing,,Single Family Residential,814 W Clark St,Champaign,IL,61820,189900,3,1.0,"Champaign, Savoy",1326,4791,1928,42,143,,Active,,,https://www.redfin.com/IL/Champaign/814-W-Clark-St-61820/home/126836167,MRED as Distributed by MLS Grid,12133833,N,Y,40.1155064,-88.2574075
MLS Listing,,Single Family Residential,1915 Lynwood Dr,Champaign,IL,61821,259900,4,2.0,"Champaign, Savoy",2090,11325,1956,42,124,,Active,,,https://www.redfin.com/IL/Champaign/1915-Lynwood-Dr-61821/home/126731663,MRED as Distributed by MLS Grid,12081630,N,Y,40.0910303,-88.2601809
MLS Listing,,Vacant Land,1937 S Stone Creek Blvd,Urbana,IL,61802,58000,,,Fieldstone,,10018,,42,,,Active,,,https://www.redfin.com/IL/Urbana/1937-S-Stone-Creek-Blvd-61802/home/191982344,MRED as Distributed by MLS Grid,12133593,N,Y,40.09411,-88.1807459
MLS Listing,,Vacant Land,1933 S Stone Creek Blvd,Urbana,IL,61802,58000,,,Fieldstone,,10018,,42,,,Active,,,https://www.redfin.com/IL/Urbana/1933-S-Stone-Creek-Blvd-61802/home/191982343,MRED as Distributed by MLS Grid,12133579,N,Y,40.094123,-88.1807461
MLS Listing,,Vacant Land,1945 S Stone Creek Blvd,Urbana,IL,61802,58000,,,Urbana,,10018,,42,,,Active,,,https://www.redfin.com/IL/Urbana/1945-S-Stone-Creek-Blvd-61802/home/191982342,MRED as Distributed by MLS Grid,12133629,N,Y,40.094084,-88.1807455
MLS Listing,,Vacant Land,1949 S Stone Creek Blvd,Urbana,IL,61802,58000,,,Fieldstone,,13068,,42,,,Active,,,https://www.redfin.com/IL/Urbana/1949-S-Stone-Creek-Blvd-61802/home/191982341,MRED as Distributed by MLS Grid,12133650,N,Y,40.094071,-88.1807452
MLS Listing,,Vacant Land,1941 S Stone Creek Blvd,Urbana,IL,61802,58000,,,Fieldstone,,10018,,42,,,Active,,,https://www.redfin.com/IL/Urbana/1941-S-Stone-Creek-Blvd-61802/home/191982340,MRED as Distributed by MLS Grid,12133609,N,Y,40.094097,-88.1807457
MLS Listing,,Vacant Land,1917 S Stone Creek Blvd,Urbana,IL,61802,58000,,,Fieldstone,,10018,,42,,,Active,,,https://www.redfin.com/IL/Urbana/1917-S-Stone-Creek-Blvd-61802/home/191982259,MRED as Distributed by MLS Grid,12133355,N,Y,40.094175,-88.1807469
MLS Listing,,Vacant Land,1921 S Stone Creek Blvd,Urbana,IL,61802,58000,,,Fieldstone,,10018,,42,,,Active,,,https://www.redfin.com/IL/Urbana/1921-S-Stone-Creek-Blvd-61802/home/191982258,MRED as Distributed by MLS Grid,12133383,N,Y,40.094162,-88.1807467
MLS Listing,,Vacant Land,1925 S Stone Creek Blvd,Urbana,IL,61802,58000,,,Fieldstone,,10018,,42,,,Active,,,https://www.redfin.com/IL/Urbana/1925-S-Stone-Creek-Blvd-61802/home/191982257,MRED as Distributed by MLS Grid,12133408,N,Y,40.094149,-88.1807465
MLS Listing,,Vacant Land,1929 S Stone Creek Blvd,Urbana,IL,61802,58000,,,Fieldstone,,10018,,42,,,Active,,,https://www.redfin.com/IL/Urbana/1929-S-Stone-Creek-Blvd-61802/home/191982256,MRED as Distributed by MLS Grid,12133567,N,Y,40.094136,-88.1807463
MLS Listing,,Vacant Land,1909 S Stone Creek Blvd,Urbana,IL,61802,58000,,,Fieldstone,,10018,,42,,,Active,,,https://www.redfin.com/IL/Urbana/1909-S-Stone-Creek-Blvd-61802/home/191982146,MRED as Distributed by MLS Grid,12131489,N,Y,40.094201,-88.1807474
MLS Listing,,Vacant Land,1913 S Stone Creek Blvd,Urbana,IL,61802,58000,,,Fieldstone,,10376,,42,,,Active,,,https://www.redfin.com/IL/Urbana/1913-S-Stone-Creek-Blvd-61802/home/191982140,MRED as Distributed by MLS Grid,12131509,N,Y,40.094188,-88.1807472
MLS Listing,,Vacant Land,1905 S Stone Creek Blvd,Urbana,IL,61802,58000,,,Fieldstone,,10018,,42,,,Active,,,https://www.redfin.com/IL/Urbana/1905-S-Stone-Creek-Blvd-61802/home/191981887,MRED as Distributed by MLS Grid,12131460,N,Y,40.094214,-88.1807476
MLS Listing,,Condo/Co-op,2606 Natalie Dr #2606,Champaign,IL,61822,179900,3,2.0,"Champaign, Savoy",1351,,1989,42,133,131,Active,,,https://www.redfin.com/IL/Champaign/2606-Natalie-Dr-61822/unit-2606/home/191978970,MRED as Distributed by MLS Grid,12133389,N,Y,40.1199292,-88.2882419
MLS Listing,,Single Family Residential,206 W Florida Ave,Urbana,IL,61801,318000,4,1.5,Hubbard Terrace,2060,6534,1947,42,154,,Active,,,https://www.redfin.com/IL/Urbana/206-W-Florida-Ave-61801/home/126613998,MRED as Distributed by MLS Grid,12123190,N,Y,40.0984907,-88.2102266
MLS Listing,,Single Family Residential,1655 County Road 2200 Rd E,St. Joseph,IL,61873,375000,4,3.0,Eastern Champaign County / Vermillion County,2837,31798,1962,43,132,,Active,,,https://www.redfin.com/IL/Saint-Joseph/1655-County-Road-2200-E-61873/home/127184683,MRED as Distributed by MLS Grid,12112882,N,Y,40.1212143,-88.0480359
MLS Listing,,Single Family Residential,2501 Willow Rd,Urbana,IL,61802,195800,4,2.0,Urbana,1730,13965,1953,44,113,,Active,,,https://www.redfin.com/IL/Urbana/2501-Willow-Rd-61802/home/127075759,MRED as Distributed by MLS Grid,12125893,N,Y,40.1384328,-88.2012633
MLS Listing,,Single Family Residential,1509 Forest Ridge Dr,Mahomet,IL,61853,700000,4,3.5,Western Champaign County / Piatt & McClean Counties,2161,,2018,45,324,,Active,,,https://www.redfin.com/IL/Mahomet/1509-Forest-Ridge-Dr-61853/home/127778307,MRED as Distributed by MLS Grid,12117628,N,Y,40.211535,-88.3836329
MLS Listing,,Single Family Residential,2804 Lawndale Dr,Champaign,IL,61821,159900,3,1.0,"Champaign, Savoy",1025,6370,1962,45,156,,Active,,,https://www.redfin.com/IL/Champaign/2804-Lawndale-Dr-61821/home/126980606,MRED as Distributed by MLS Grid,12130452,N,Y,40.1001018,-88.2925534
MLS Listing,,Vacant Land,509 Patterson Dr,Fisher,IL,61843,45000,,,Heritage,,10560,,45,,,Active,,,https://www.redfin.com/IL/Fisher/509-Patterson-DR-61843/home/180004866,MRED as Distributed by MLS Grid,12130410,N,Y,40.3147554,-88.3500541
MLS Listing,,Vacant Land,3510 S Duncan Rd,Champaign,IL,61822,886010,,,"Champaign, Savoy",,147668,,45,,,Active,,,https://www.redfin.com/IL/Champaign/3510-S-Duncan-Rd-61822/home/127054982,MRED as Distributed by MLS Grid,12129739,N,Y,40.070058,-88.294135
MLS Listing,,Condo/Co-op,110 Sunset Ct #0,Fisher,IL,61843,182000,2,1.0,Heritage,1022,,2016,46,178,,Active,,,https://www.redfin.com/IL/Fisher/110-Sunset-Ct-61843/home/127273475,MRED as Distributed by MLS Grid,12122348,N,Y,40.3117817,-88.3586986
MLS Listing,,Single Family Residential,908 E Park St,Urbana,IL,61802,99900,2,1.0,Urbana,900,6600,1896,47,111,,Active,,,https://www.redfin.com/IL/Urbana/908-E-Park-St-61802/home/126795423,MRED as Distributed by MLS Grid,12128922,N,Y,40.117402,-88.1966408
MLS Listing,,Condo/Co-op,412 Spring Cir #0,Urbana,IL,61802,185000,3,2.5,Three Willows,1728,,,47,107,247,Active,,,https://www.redfin.com/IL/Urbana/412-Spring-Cir-61802/unit-0/home/126974844,MRED as Distributed by MLS Grid,12067416,N,Y,40.1284362,-88.1939347
MLS Listing,,Single Family Residential,1308 Briarcliff Dr,Urbana,IL,61801,150000,3,1.0,Urbana,856,,1952,48,175,,Active,,,https://www.redfin.com/IL/Urbana/1308-Briarcliff-Dr-61801/home/126943766,MRED as Distributed by MLS Grid,12116323,N,Y,40.1004508,-88.192556
MLS Listing,,Single Family Residential,1409 Sand Dollar Dr,Champaign,IL,61822,359900,4,3.5,"Champaign, Savoy",1585,3800,2024,48,227,10,Active,,,https://www.redfin.com/IL/Champaign/1409-Sand-Dollar-Dr-61822/home/127016393,MRED as Distributed by MLS Grid,12117850,N,Y,40.1303933,-88.3081589
MLS Listing,,Single Family Residential,1413 Sand Dollar Dr,Champaign,IL,61822,359900,4,3.5,"Champaign, Savoy",1585,,2024,48,227,10,Active,,,https://www.redfin.com/IL/Champaign/1413-Sand-Dollar-Dr-61822/home/126470553,MRED as Distributed by MLS Grid,12117888,N,Y,40.130474,-88.308158
MLS Listing,,Single Family Residential,1407 Sand Dollar Dr,Champaign,IL,61822,359900,4,3.5,"Champaign, Savoy",1585,3800,2024,48,227,10,Active,,,https://www.redfin.com/IL/Champaign/1407-Sand-Dollar-Dr-61822/home/127044252,MRED as Distributed by MLS Grid,12117877,N,Y,40.130297,-88.308161
MLS Listing,,Vacant Land,3108 S Duncan Rd,Champaign,IL,61822,770140,,,"Champaign, Savoy",,192535,,48,,,Active,,,https://www.redfin.com/IL/Champaign/3108-S-Duncan-Rd-61822/home/127116063,MRED as Distributed by MLS Grid,12127262,N,Y,40.0747373,-88.294534
MLS Listing,,Single Family Residential,1119 Centennial Dr,Champaign,IL,61821,169900,3,1.0,"Champaign, Savoy",1012,6500,1963,49,168,,Active,,,https://www.redfin.com/IL/Champaign/1119-Centennial-Dr-61821/home/126762210,MRED as Distributed by MLS Grid,12107888,N,Y,40.1028037,-88.2910698
MLS Listing,,Single Family Residential,1703 Hillshire Dr,Urbana,IL,61802,317000,3,2.0,Urbana,1500,7278,2022,49,211,6,Active,,,https://www.redfin.com/IL/Urbana/1703-Hillshire-Dr-61802/home/180003611,MRED as Distributed by MLS Grid,12127033,N,Y,40.0730737,-88.1864495
MLS Listing,,Single Family Residential,512 Stout St,St. Joseph,IL,61873,179900,3,1.0,Walker's,945,10594,1957,49,190,,Active,,,https://www.redfin.com/IL/Saint-Joseph/512-Stout-St-61873/home/126995440,MRED as Distributed by MLS Grid,12127648,N,Y,40.1164691,-88.0367309
MLS Listing,,Single Family Residential,1223 Foothill Dr,Champaign,IL,61821,328900,4,2.5,Lincolnshire,2030,,1960,49,162,,Active,,,https://www.redfin.com/IL/Champaign/1223-Foothill-Dr-61821/home/126798564,MRED as Distributed by MLS Grid,12127170,N,Y,40.0963093,-88.2667629
MLS Listing,,Single Family Residential,4210 Brittany Trail Dr,Champaign,IL,61822,709900,4,3.5,Trails at Brittany,3669,,2000,49,193,21,Active,,,https://www.redfin.com/IL/Champaign/4210-Brittany-Trail-Dr-61822/home/126989700,MRED as Distributed by MLS Grid,12127105,N,Y,40.0928705,-88.3166094
MLS Listing,,Vacant Land,507 Patterson Dr,Fisher,IL,61843,45000,,,Heritage,,10560,,49,,,Active,,,https://www.redfin.com/IL/Fisher/507-Patterson-DR-61843/home/180004865,MRED as Distributed by MLS Grid,12126820,N,Y,40.3147554,-88.3500541
MLS Listing,,Single Family Residential,705 S State St,Champaign,IL,61820,219900,4,2.0,"Champaign, Savoy",1927,10018,1908,50,114,,Active,,,https://www.redfin.com/IL/Champaign/705-S-State-St-61820/home/126643431,MRED as Distributed by MLS Grid,12116402,N,Y,40.1085448,-88.2470703
MLS Listing,,Condo/Co-op,1703 Timber Wolf Ln Unit B,Mahomet,IL,61853,265000,3,3.5,Hunter's Ridge,1795,,2009,54,148,100,Active,,,https://www.redfin.com/IL/Mahomet/1703-Timber-Wolf-Ln-61853/unit-B/home/126878187,MRED as Distributed by MLS Grid,12123064,N,Y,40.187637,-88.376552
MLS Listing,,Single Family Residential,1304 W Columbia Ave,Champaign,IL,61821,235000,3,2.0,"Champaign, Savoy",1326,540,1930,54,177,,Active,,,https://www.redfin.com/IL/Champaign/1304-W-Columbia-Ave-61821/home/126991650,MRED as Distributed by MLS Grid,12116791,N,Y,40.1215657,-88.2677134
MLS Listing,,Single Family Residential,413 N Abbey Rd,Urbana,IL,61802,439900,4,3.0,Beringer Commons,2616,11325,1997,54,168,13,Active,,,https://www.redfin.com/IL/Urbana/413-N-Abbey-Rd-61802/home/127154490,MRED as Distributed by MLS Grid,12078848,N,Y,40.1168805,-88.1718097
MLS Listing,,Condo/Co-op,912 Crescent Dr Unit 2-4,Champaign,IL,61821,79900,2,1.0,"Champaign, Savoy",781,14400,1974,55,102,150,Active,,,https://www.redfin.com/IL/Champaign/912-Crescent-Dr-61821/unit-2-4/home/126427752,MRED as Distributed by MLS Grid,12121306,N,Y,40.106712,-88.2808441
MLS Listing,,Single Family Residential,575 B County Road 2550 N,Mahomet,IL,61853,1150000,6,4.5,Western Champaign County / Piatt & McClean Counties,3748,296208,2002,56,307,,Active,,,https://www.redfin.com/IL/Mahomet/575B-County-Road-2550-N-61853/home/191797662,MRED as Distributed by MLS Grid,12120325,N,Y,40.2425342,-88.3504107
MLS Listing,,Single Family Residential,406 Capitol St,Savoy,IL,61874,440000,5,3.5,Liberty on the Lakes,2348,9147,2018,56,187,19,Active,,,https://www.redfin.com/IL/Savoy/406-Capitol-St-61874/home/126472184,MRED as Distributed by MLS Grid,12121021,N,Y,40.0587747,-88.274981
MLS Listing,,Vacant Land,405 S Jackson St,Philo,IL,61864,45000,,,Southern Champaign County / Douglas County,,,,56,,,Active,,,https://www.redfin.com/IL/Philo/405-S-Jackson-St-61864/home/127047681,MRED as Distributed by MLS Grid,12121053,N,Y,40.002949,-88.160315
MLS Listing,,Single Family Residential,2710 Alton Dr,Champaign,IL,61821,224900,4,2.0,"Champaign, Savoy",1874,6600,,56,120,,Active,,,https://www.redfin.com/IL/Champaign/2710-Alton-Dr-61821/home/126723568,MRED as Distributed by MLS Grid,12097072,N,Y,40.1033123,-88.2918379
MLS Listing,,Single Family Residential,1505 English Oak Dr,Champaign,IL,61822,659000,5,4.5,Abbey Fields,3055,11951,2015,56,216,33,Active,,,https://www.redfin.com/IL/Champaign/1505-English-Oak-Dr-61822/home/126711704,MRED as Distributed by MLS Grid,12092240,N,Y,40.0999609,-88.328156
MLS Listing,,Single Family Residential,2103 Ikenberry Ct,Urbana,IL,61802,449900,3,3.5,Eagle Ridge,3483,15681,1995,57,129,5,Active,,,https://www.redfin.com/IL/Urbana/2103-Ikenberry-Ct-61802/home/126901992,MRED as Distributed by MLS Grid,12062962,N,Y,40.0904022,-88.1867242
MLS Listing,,Ranch,37.75 Acres Off Rising Rd,Champaign,IL,61822,943750,,,"Champaign, Savoy",,1644390,,57,,,Active,,,https://www.redfin.com/IL/Champaign/37-75-S-Rising-Rd-61822/home/191788761,MRED as Distributed by MLS Grid,12108352,N,Y,40.0953056,-88.3331014
MLS Listing,,Multi-Family (2-4 Unit),2131 Peach St,Champaign,IL,61820,325000,4,4.0,Aryshire,,,1985,58,,,Active,,,https://www.redfin.com/IL/Champaign/2131-Peach-St-61820/home/126903355,MRED as Distributed by MLS Grid,12118150,N,Y,40.0878503,-88.2558146
MLS Listing,,Single Family Residential,125 Shady Lawn Dr,Rantoul,IL,61866,108000,3,2.0,Northern Champaign County / Ford County,1125,,1950,59,96,,Active,,,https://www.redfin.com/IL/Rantoul/125-Shady-Lawn-Dr-61866/home/126978560,MRED as Distributed by MLS Grid,12114657,N,Y,40.3099527,-88.1394099
MLS Listing,,Single Family Residential,901 Lanore Dr,Urbana,IL,61802,25000,2,2.0,Urbana,1248,6098,2001,62,20,,Active,,,https://www.redfin.com/IL/Urbana/901-Lanore-Dr-61802/home/126652095,MRED as Distributed by MLS Grid,12116240,N,Y,40.1054567,-88.1868794
MLS Listing,,Single Family Residential,1613 Kassen Ave,Mahomet,IL,61853,635000,3,3.5,Conway Farms,2310,,2020,62,275,,Active,September-22-2024 02:00 PM,September-22-2024 04:00 PM,https://www.redfin.com/IL/Mahomet/1613-Kassen-Ave-61853/home/127067765,MRED as Distributed by MLS Grid,12114581,N,Y,40.1835824,-88.3781754
MLS Listing,,Single Family Residential,4817 Sandcherry Dr,Champaign,IL,61822,619000,4,3.5,Chestnut Grove,2388,11325,2013,63,259,36,Active,,,https://www.redfin.com/IL/Champaign/4817-Sandcherry-Dr-61822/home/126838065,MRED as Distributed by MLS Grid,12090754,N,Y,40.0952574,-88.3282833
MLS Listing,,Single Family Residential,2116 Slade Ln,Mahomet,IL,61853,774900,4,3.0,Western Champaign County / Piatt & McClean Counties,2053,18730,2024,63,377,,Active,,,https://www.redfin.com/IL/Mahomet/2116-Slade-Ln-61853/home/127067144,MRED as Distributed by MLS Grid,12109207,N,Y,40.215851,-88.363244
MLS Listing,,Single Family Residential,2909 Clayton Blvd,Champaign,IL,61822,225000,3,2.0,Parkland Ridge,1414,,1979,63,159,,Active,,,https://www.redfin.com/IL/Champaign/2909-Clayton-Blvd-61822/home/127130858,MRED as Distributed by MLS Grid,12112791,N,Y,40.1221648,-88.2945923
MLS Listing,,Condo/Co-op,2914 Heritage Dr #2914,Champaign,IL,61822,150000,3,2.0,"Champaign, Savoy",1088,,1984,63,138,140,Active,,,https://www.redfin.com/IL/Champaign/2914-Heritage-Dr-61822/unit-2914/home/126561052,MRED as Distributed by MLS Grid,12114336,N,Y,40.1249656,-88.2944407
MLS Listing,,Townhouse,2523 Pembrook Pt,Champaign,IL,61821,299900,3,2.5,Ponds of Windsor,1868,,2008,64,161,,Active,,,https://www.redfin.com/IL/Champaign/2523-Pembrook-Pt-61821/home/127190997,MRED as Distributed by MLS Grid,12079474,N,Y,40.0807457,-88.2690709
MLS Listing,,Ranch,0 700 E,Fisher,IL,61843,3465000,,,Northern Champaign County / Ford County,,9583200,,64,,,Active,,,https://www.redfin.com/IL/Fisher/700-E-61843/home/191610403,MRED as Distributed by MLS Grid,12109667,N,Y,40.3147554,-88.3500541
MLS Listing,,Single Family Residential,1809 Mcdonald Dr,Champaign,IL,61821,247900,4,2.5,Park Terrace,2096,11480,1956,65,118,,Active,,,https://www.redfin.com/IL/Champaign/1809-McDonald-Dr-61821/home/127148536,MRED as Distributed by MLS Grid,12080767,N,Y,40.0932886,-88.2614136
MLS Listing,,Single Family Residential,1766 County Road 1850 N,Urbana,IL,61802,3250000,6,8.0,Urbana,6917,1611720,2008,65,470,,Active,,,https://www.redfin.com/IL/Urbana/1766-County-Road-1850-61802/home/186055171,MRED as Distributed by MLS Grid,12112298,N,Y,40.1494683,-88.1316919
MLS Listing,,Single Family Residential,408 S East Ave,Ogden,IL,61859,155000,3,1.0,Eastern Champaign County / Vermillion County,1150,6534,1915,66,135,,Active,,,https://www.redfin.com/IL/Ogden/408-S-East-Ave-61859/home/126623168,MRED as Distributed by MLS Grid,12093011,N,Y,40.110782,-87.955762
MLS Listing,,Multi-Family (2-4 Unit),407 W Washington St,Champaign,IL,61820,214500,3,2.0,"Champaign, Savoy",,,1885,67,,,Active,,,https://www.redfin.com/IL/Champaign/407-W-Washington-St-61820/home/127174594,MRED as Distributed by MLS Grid,12099966,N,Y,40.1199533,-88.2494076
MLS Listing,,Single Family Residential,212 E University Ave,Champaign,IL,61820,330000,4,2.0,"Champaign, Savoy",2682,8712,1893,69,123,,Active,,,https://www.redfin.com/IL/Champaign/212-E-University-Ave-61820/home/127154458,MRED as Distributed by MLS Grid,12108889,N,Y,40.116559,-88.2356626
MLS Listing,,Single Family Residential,513 Linden Dr,St. Joseph,IL,61873,315000,3,3.5,Crestwood,2380,12480,1991,69,132,,Active,,,https://www.redfin.com/IL/Saint-Joseph/513-Linden-Dr-61873/home/126931975,MRED as Distributed by MLS Grid,12098646,N,Y,40.1165331,-88.0327596
MLS Listing,,Vacant Land,0 W Oaks Rd N,Urbana,IL,61802,80000,,,Urbana,,84070,,70,,,Active,,,https://www.redfin.com/IL/Urbana/W-Oaks-Rd-N-61802/home/191561966,MRED as Distributed by MLS Grid,12107527,N,Y,40.1491438,-88.2143705
MLS Listing,,Single Family Residential,202 Witt Park Rd,Sidney,IL,61877,224900,4,1.0,Eastern Champaign County / Vermillion County,1944,32190,1890,71,116,,Active,,,https://www.redfin.com/IL/Sidney/202-Witt-Park-Rd-61877/home/191545704,MRED as Distributed by MLS Grid,12100989,N,Y,40.0274119,-88.0758106
MLS Listing,,Single Family Residential,513 Luria Ln,Champaign,IL,61822,249900,4,3.0,"Champaign, Savoy",1973,5175,2007,71,127,6,Active,,,https://www.redfin.com/IL/Champaign/513-Luria-Ln-61822/home/183944108,MRED as Distributed by MLS Grid,12105552,N,Y,40.1541857,-88.253375
MLS Listing,,Single Family Residential,1202 N Briarwood Ln,Mahomet,IL,61853,550000,4,3.5,Thornewood,2334,,2023,71,236,15,Active,,,https://www.redfin.com/IL/Mahomet/1202-Briarwood-Ln-61853/home/184684076,MRED as Distributed by MLS Grid,12105692,N,Y,40.211654,-88.387943
MLS Listing,,Single Family Residential,2602 Castlerock Dr,Urbana,IL,61802,930000,6,5.5,Stone Creek,3531,15681,2006,72,263,13,Active,,,https://www.redfin.com/IL/Urbana/2602-Castlerock-Dr-61802/home/127174227,MRED as Distributed by MLS Grid,12039493,N,Y,40.0909357,-88.1749819
MLS Listing,,Single Family Residential,1106 E Mumford Dr,Urbana,IL,61801,227400,4,2.0,Urbana,1806,9120,1964,73,126,,Active,,,https://www.redfin.com/IL/Urbana/1106-E-Mumford-Dr-61801/home/126456715,MRED as Distributed by MLS Grid,12089502,N,Y,40.0909015,-88.194779
MLS Listing,,Single Family Residential,1211 Willowgrove Ln,Mahomet,IL,61853,640000,5,4.0,Thornewood,3366,,2019,73,190,15,Active,,,https://www.redfin.com/IL/Mahomet/1211-Willowgrove-Ln-61853/home/127778038,MRED as Distributed by MLS Grid,12101297,N,Y,40.2126657,-88.3859385
MLS Listing,,Single Family Residential,1710 Brighton Ct,Champaign,IL,61822,1775000,6,7.5,"Champaign, Savoy",9254,,2002,73,192,,Active,,,https://www.redfin.com/IL/Champaign/1710-Brighton-Ct-61822/home/126740608,MRED as Distributed by MLS Grid,12101968,N,Y,40.095139,-88.3185533
MLS Listing,,Single Family Residential,2006 Rylan Rd,Mahomet,IL,61853,349900,3,2.5,Prairie Crossing,3120,7840,2018,74,112,,Active,,,https://www.redfin.com/IL/Mahomet/2006-Rylan-Rd-61853/home/127778776,MRED as Distributed by MLS Grid,12102510,N,Y,40.2030529,-88.3687413
MLS Listing,,Single Family Residential,204 E Byron St,Sidney,IL,61877,187500,4,2.0,Eastern Champaign County / Vermillion County,2112,8168,1905,76,89,,Active,,,https://www.redfin.com/IL/Sidney/204-E-Byron-St-61877/home/126464400,MRED as Distributed by MLS Grid,12103063,N,Y,40.0250512,-88.0712381
MLS Listing,,Single Family Residential,308 Preston St,Savoy,IL,61874,469900,5,3.5,Prairie Meadows,2213,7800,2009,76,212,8,Active,,,https://www.redfin.com/IL/Savoy/308-Preston-St-61874/home/127084889,MRED as Distributed by MLS Grid,12101378,N,Y,40.0531671,-88.2465287
MLS Listing,,Vacant Land,0 Hwy 45 Hwy E,Medina,TN,38355,579900,,,Medina,,300128,,76,,,Active,,,https://www.redfin.com/TN/Medina/0-Hwy-45-HWY-E-38355/home/191498795,CWTAR,222115,N,Y,39.991724,-88.2614
MLS Listing,,Single Family Residential,1302 N Neil St,Champaign,IL,61820,165000,4,2.5,Garwood,2156,13068,1930,78,77,,Active,,,https://www.redfin.com/IL/Champaign/1302-N-Neil-St-61820/home/126898103,MRED as Distributed by MLS Grid,12093204,N,Y,40.1286778,-88.2432545
MLS Listing,,Single Family Residential,1703 Mayfair Rd,Champaign,IL,61821,339900,4,2.5,"Champaign, Savoy",2689,12416,1965,78,126,,Active,,,https://www.redfin.com/IL/Champaign/1703-Mayfair-Rd-61821/home/127077125,MRED as Distributed by MLS Grid,12093525,N,Y,40.0959584,-88.2702706
MLS Listing,,Single Family Residential,2203 Philo Rd,Urbana,IL,61802,215900,3,1.5,Urbana,1198,19166,,79,180,,Active,,,https://www.redfin.com/IL/Urbana/2203-Philo-Rd-61802/home/126680525,MRED as Distributed by MLS Grid,12092360,N,Y,40.0897879,-88.1909496
MLS Listing,,Single Family Residential,302 W California Ave,Urbana,IL,61801,264900,3,1.5,Urbana,1665,6641,1904,81,159,,Active,,,https://www.redfin.com/IL/Urbana/302-W-California-Ave-61801/home/126443494,MRED as Distributed by MLS Grid,12086188,N,Y,40.1085467,-88.2104969
MLS Listing,,Single Family Residential,401 M County Road 2425 N,Mahomet,IL,61853,1350000,4,4.5,Western Champaign County / Piatt & McClean Counties,3373,250470,2000,83,400,,Active,,,https://www.redfin.com/IL/Mahomet/401M-2425-N-61853/home/191438340,MRED as Distributed by MLS Grid,12081227,N,Y,40.224808,-88.379186
MLS Listing,,Single Family Residential,806 Heather Dr,Mahomet,IL,61853,333900,4,2.5,Sandy Ridge,1765,,2001,83,189,10,Active,September-22-2024 02:00 PM,September-22-2024 04:00 PM,https://www.redfin.com/IL/Mahomet/806-Heather-Dr-61853/home/126845829,MRED as Distributed by MLS Grid,12092562,N,Y,40.1883658,-88.3820616
MLS Listing,,Single Family Residential,1712 S Prospect Ave,Champaign,IL,61820,199999,4,2.0,"Champaign, Savoy",2164,10560,1956,84,92,,Active,,,https://www.redfin.com/IL/Champaign/1712-S-Prospect-Ave-61820/home/126602449,MRED as Distributed by MLS Grid,12096525,N,Y,40.0955369,-88.2573067
MLS Listing,,Vacant Land,2990 County Road 1400 E,Rantoul,IL,61866,4000000,,,Northern Champaign County / Ford County,,1742400,,84,,,Active,,,https://www.redfin.com/IL/Rantoul/2990-County-Road-1400-E-61866/home/191422914,MRED as Distributed by MLS Grid,12040267,N,Y,40.3078248,-88.194024
MLS Listing,,Vacant Land,2995 County Road 1400 E,Rantoul,IL,61866,563000,,,Northern Champaign County / Ford County,,245242,,84,,,Active,,,https://www.redfin.com/IL/Rantoul/2995-County-Road-1400-E-61866/home/191422913,MRED as Distributed by MLS Grid,12040289,N,Y,40.3081329,-88.1940295
MLS Listing,,Ranch,2985 County Road 1400 E,Rantoul,IL,61866,4000000,,,Northern Champaign County / Ford County,,1742400,,84,,,Active,,,https://www.redfin.com/IL/Rantoul/2985-County-Road-1400-E-61866/home/191422832,MRED as Distributed by MLS Grid,12040245,N,Y,40.3071175,-88.1948283
MLS Listing,,Townhouse,2910 Heathwood Ct #2910,Champaign,IL,61822,299900,3,2.5,"Champaign, Savoy",1910,,1988,85,157,75,Active,,,https://www.redfin.com/IL/Champaign/2910-Heathwood-Ct-61822/unit-2910/home/191396763,MRED as Distributed by MLS Grid,12088013,N,Y,40.0880816,-88.2944894
MLS Listing,,Multi-Family (5+ Unit),803 W Oregon St W,Urbana,IL,61801,439900,7,,Urbana,6209,9006,1910,85,71,,Active,,,https://www.redfin.com/IL/Urbana/803-W-Oregon-St-61801/home/145071739,MRED as Distributed by MLS Grid,12094947,N,Y,40.1071979,-88.2181775
MLS Listing,,Single Family Residential,1709 Stone Creek Blvd,Urbana,IL,61802,419900,3,2.5,Urbana,1767,14810,2024,86,238,13,Active,,,https://www.redfin.com/IL/Urbana/1709-S-Stone-Creek-Blvd-61802/home/127067277,MRED as Distributed by MLS Grid,12092425,N,Y,40.0982399,-88.177097
MLS Listing,,Multi-Family (2-4 Unit),718 E Sangamon Ave,Rantoul,IL,61866,114900,2,2.0,Northern Champaign County / Ford County,,8000,,87,,,Active,,,https://www.redfin.com/IL/Rantoul/718-E-Sangamon-Ave-61866/home/127069514,MRED as Distributed by MLS Grid,12088955,N,Y,40.3104321,-88.1479696
MLS Listing,,Vacant Land,2501 W Bradley Ave,Champaign,IL,61822,85000,,,"Champaign, Savoy",,20473,,87,,,Active,,,https://www.redfin.com/IL/Champaign/2501-W-Bradley-Ave-61821/home/174504173,MRED as Distributed by MLS Grid,12088982,N,Y,40.1270264,-88.2892782
MLS Listing,,Single Family Residential,508 W Clark St,Thomasboro,IL,61878,137000,3,1.0,Northern Champaign County / Ford County,1152,10018,1076,87,119,,Active,,,https://www.redfin.com/IL/Thomasboro/508-W-Clark-St-61878/home/126851708,MRED as Distributed by MLS Grid,12084917,N,Y,40.2415633,-88.1913135
MLS Listing,,Single Family Residential,2602 Wadsworth Ln,Urbana,IL,61802,839900,5,3.5,Stone Creek,2687,15681,2018,90,313,13,Active,,,https://www.redfin.com/IL/Urbana/2602-Wadsworth-Ln-61802/home/127160282,MRED as Distributed by MLS Grid,12065166,N,Y,40.0871591,-88.1713744
MLS Listing,,Condo/Co-op,1905 N Lincoln Ave #318,Urbana,IL,61801,140000,2,2.0,Urbana,900,,2006,91,156,225,Active,,,https://www.redfin.com/IL/Urbana/1905-N-Lincoln-Ave-61801/unit-318/home/191260860,MRED as Distributed by MLS Grid,12089366,N,Y,40.1301049,-88.2212787
MLS Listing,,Mobile/Manufactured Home,317 Paul Ave,Champaign,IL,61822,69900,3,2.0,"Champaign, Savoy",,5490,1966,92,,,Active,,,https://www.redfin.com/IL/Champaign/317-Paul-Ave-61822/home/127048064,MRED as Distributed by MLS Grid,12088205,N,Y,40.1424633,-88.233886
MLS Listing,,Vacant Land,2826 E Stone Creek Blvd,Urbana,IL,61802,42000,,,Stone Creek,,10018,,93,,,Active,,,https://www.redfin.com/IL/Urbana/2826-E-Stone-Creek-Blvd-61802/home/127111815,MRED as Distributed by MLS Grid,12086174,N,Y,40.094997,-88.171975
MLS Listing,,Townhouse,1615 Delane Dr Unit B,Mahomet,IL,61853,384900,4,3.5,Western Champaign County / Piatt & McClean Counties,1812,5320,2016,93,212,15,Active,,,https://www.redfin.com/IL/Mahomet/1615-Delane-Dr-61853/unit-B/home/127778858,MRED as Distributed by MLS Grid,12081399,N,Y,40.1845347,-88.3784911
MLS Listing,,Condo/Co-op,106 Essex Ln #2,Savoy,IL,61874,215000,2,2.0,The Courtyards,1196,,2007,93,180,140,Active,,,https://www.redfin.com/IL/Savoy/106-Essex-Ln-61874/unit-2/home/183960785,MRED as Distributed by MLS Grid,12046417,N,Y,40.0571564,-88.2489864
MLS Listing,,Single Family Residential,9 Southview Dr,Sidney,IL,61877,174900,4,2.0,Eastern Champaign County / Vermillion County,1580,,1986,94,111,,Active,,,https://www.redfin.com/IL/Sidney/9-Southview-Dr-61877/home/126490102,MRED as Distributed by MLS Grid,12085759,N,Y,40.0188628,-88.0715437
MLS Listing,,Single Family Residential,1802 N Concord Ln,Urbana,IL,61802,1179000,5,4.0,Urbana,2750,98010,2004,94,429,,Active,,,https://www.redfin.com/IL/Urbana/1802-N-Concord-Ln-61802/home/126927613,MRED as Distributed by MLS Grid,12066097,N,Y,40.1292733,-88.1666754
MLS Listing,,Condo/Co-op,1122 Saint Andrews Cir #1122,Rantoul,IL,61866,99900,3,1.5,Northern Champaign County / Ford County,1200,,1962,94,83,85,Active,,,https://www.redfin.com/IL/Rantoul/1122-Saint-Andrews-Cir-61866/unit-1122/home/191180940,MRED as Distributed by MLS Grid,12079817,N,Y,40.3030589,-88.1319126
MLS Listing,,Single Family Residential,2509 Hallbeck Dr,Champaign,IL,61822,525000,5,2.5,"Champaign, Savoy",3204,14491,1999,96,164,33,Active,,,https://www.redfin.com/IL/Champaign/2509-Hallbeck-Dr-61822/home/126649133,MRED as Distributed by MLS Grid,12081975,N,Y,40.0758558,-88.2864463
MLS Listing,,Single Family Residential,2205 Noel Dr,Champaign,IL,61821,359900,4,2.5,Devonshire,2431,11761,1973,97,148,,Active,,,https://www.redfin.com/IL/Champaign/2205-Noel-Dr-61821/home/126949150,MRED as Distributed by MLS Grid,12083977,N,Y,40.0865184,-88.2619887
MLS Listing,,Ranch,1604 E Curtis Rd,Urbana,IL,61802,1150000,,,Urbana,,2568733,,97,,,Active,,,https://www.redfin.com/IL/Urbana/1604-E-Curtis-Rd-61802/home/126866741,MRED as Distributed by MLS Grid,12084043,N,Y,40.0696363,-88.1875573
MLS Listing,,Single Family Residential,403 W Green St,Champaign,IL,61820,345000,3,2.5,"Champaign, Savoy",2562,7840,1908,97,135,,Active,,,https://www.redfin.com/IL/Champaign/403-W-Green-St-61820/home/126480610,MRED as Distributed by MLS Grid,12070370,N,Y,40.1099447,-88.2488753
MLS Listing,,Condo/Co-op,1905 N Lincoln Ave #103,Urbana,IL,61801,129900,2,2.0,Urbana,900,,2006,99,144,225,Active,,,https://www.redfin.com/IL/Urbana/1905-N-Lincoln-Ave-61801/unit-103/home/191157619,MRED as Distributed by MLS Grid,12082655,N,Y,40.1301049,-88.2212787
MLS Listing,,Condo/Co-op,1901 N Lincoln Ave #307,Urbana,IL,61801,135000,2,2.0,Urbana,909,,2006,99,149,225,Active,,,https://www.redfin.com/IL/Urbana/1901-N-Lincoln-Ave-61801/unit-307/home/187696495,MRED as Distributed by MLS Grid,12082382,N,Y,40.1299275,-88.2201372
MLS Listing,,Mobile/Manufactured Home,55 Cedric Dr,Urbana,IL,61802,39900,2,2.0,Urbana,,,2019,100,,,Active,,,https://www.redfin.com/IL/Urbana/55-Cedric-Dr-61802/home/191111822,MRED as Distributed by MLS Grid,12075050,N,Y,40.1303958,-88.1889718
MLS Listing,,Single Family Residential,211 W Belle Ave W,Rantoul,IL,61866,104000,3,1.0,Northern Champaign County / Ford County,844,8600,1958,100,123,,Active,,,https://www.redfin.com/IL/Rantoul/211-W-Belle-Ave-61866/home/126944924,MRED as Distributed by MLS Grid,12056832,N,Y,40.3128451,-88.1612047
MLS Listing,,Vacant Land,1316 Doolittle Blvd,Rantoul,IL,61866,80000,,,Northern Champaign County / Ford County,,262666,,101,,,Active,,,https://www.redfin.com/IL/Rantoul/1316-Doolittle-Blvd-61866/home/127028163,MRED as Distributed by MLS Grid,12078308,N,Y,40.289253,-88.166712
MLS Listing,,Vacant Land,Lot 112 N Pointe Dr,Gifford,IL,61847,24000,,,Northern Champaign County / Ford County,,16988,,104,,,Active,,,https://www.redfin.com/IL/Gifford/112-N-Pointe-Dr-61847/home/127126991,MRED as Distributed by MLS Grid,12078313,N,Y,40.3162541,-88.0235645
MLS Listing,,Vacant Land,1567 S Pointe Dr,Rantoul,IL,61866,20000,,,South Pointe,,40075,,104,,,Active,,,https://www.redfin.com/IL/Rantoul/1567-South-Pointe-Dr-61866/home/126960570,MRED as Distributed by MLS Grid,12078230,N,Y,40.283472,-88.167971
MLS Listing,,Vacant Land,1027 W Bloomington Rd,Champaign,IL,61821,365000,,,"Champaign, Savoy",,79714,,104,,,Active,,,https://www.redfin.com/IL/Champaign/1027-W-Bloomington-Rd-61821/home/126726596,MRED as Distributed by MLS Grid,12077110,N,Y,40.1337544,-88.2623245
MLS Listing,,Single Family Residential,211 Capitol St,Savoy,IL,61874,439900,5,3.0,"Champaign, Savoy",1675,,2015,105,263,19,Active,,,https://www.redfin.com/IL/Savoy/211-Capitol-St-61874/home/127270621,MRED as Distributed by MLS Grid,12074364,N,Y,40.0567067,-88.2751813
MLS Listing,,Single Family Residential,3608 Freedom Blvd,Champaign,IL,61822,599900,3,3.5,Liberty on the Lakes,2220,14875,2024,105,270,,Active,,,https://www.redfin.com/IL/Champaign/3608-Freedom-Blvd-61822/home/127038008,MRED as Distributed by MLS Grid,12076370,N,Y,40.068325,-88.271721
MLS Listing,,Vacant Land,3013 W Bradley Ave,Champaign,IL,61822,345000,,,"Champaign, Savoy",,74052,,107,,,Active,,,https://www.redfin.com/IL/Champaign/3013-W-Bradley-Ave-61822/home/127275693,MRED as Distributed by MLS Grid,12073411,N,Y,40.1272956,-88.2970695
MLS Listing,,Single Family Residential,509 W Park Ave,Champaign,IL,61820,479900,4,2.0,"Champaign, Savoy",2438,9306,1903,110,197,,Active,,,https://www.redfin.com/IL/Champaign/509-W-Park-Ave-61820/home/126962187,MRED as Distributed by MLS Grid,12071271,N,Y,40.1170391,-88.2513722
MLS Listing,,Single Family Residential,410 Lake Falls Blvd,Savoy,IL,61874,619900,5,3.0,"Champaign, Savoy",3138,,2023,111,198,,Active,September-22-2024 02:00 PM,September-22-2024 04:00 PM,https://www.redfin.com/IL/Savoy/410-Lake-Falls-Blvd-61874/home/172923214,MRED as Distributed by MLS Grid,12058617,N,Y,40.041608,-88.2450055
MLS Listing,,Single Family Residential,1206 S Smith Rd,Urbana,IL,61802,228900,3,2.0,Urbana,1250,,2024,111,183,,Active,,,https://www.redfin.com/IL/Urbana/1206-S-Smith-Rd-61802/home/126687578,MRED as Distributed by MLS Grid,12037047,N,Y,40.103615,-88.175796
MLS Listing,,Single Family Residential,211 W Byron St,Sidney,IL,61877,144900,3,1.0,W.P. Jones,3030,8250,,111,48,,Active,,,https://www.redfin.com/IL/Sidney/211-W-Byron-St-61877/home/127120213,MRED as Distributed by MLS Grid,12071499,N,Y,40.024623,-88.0765817
MLS Listing,,Single Family Residential,1504 Beaver Lake Dr,Mahomet,IL,61853,510000,3,4.5,Lakes at Riverbend,2501,,2003,111,204,,Active,,,https://www.redfin.com/IL/Mahomet/1504-Beaver-Lake-Dr-61853/home/126809883,MRED as Distributed by MLS Grid,12048631,N,Y,40.1795726,-88.4136126
MLS Listing,,Single Family Residential,2304 Broadmoor Dr,Champaign,IL,61821,269000,4,2.0,Southwood,2045,8712,1964,111,132,,Active,,,https://www.redfin.com/IL/Champaign/2304-Broadmoor-Dr-61821/home/126948137,MRED as Distributed by MLS Grid,12041774,N,Y,40.0949156,-88.2847571
MLS Listing,,Vacant Land,402 Griggs St,Urbana,IL,61801,699000,,,Urbana,,45738,,112,,,Active,,,https://www.redfin.com/IL/Urbana/402-W-Griggs-St-61801/home/190987525,MRED as Distributed by MLS Grid,12068683,N,Y,40.114814,-88.212082
MLS Listing,,Single Family Residential,89 Shiloh Dr,Savoy,IL,61874,449900,4,3.0,Fieldstone,1788,7680,2023,112,252,19,Active,,,https://www.redfin.com/IL/Savoy/89-Shiloh-Dr-61874/home/172923286,MRED as Distributed by MLS Grid,12069894,N,Y,40.0343924,-88.249138
MLS Listing,,Single Family Residential,4111 Farhills Dr,Champaign,IL,61822,410000,4,3.5,"Champaign, Savoy",2564,,1979,112,160,,Active,,,https://www.redfin.com/IL/Champaign/4111-Farhills-Dr-61822/home/126754799,MRED as Distributed by MLS Grid,12061665,N,Y,40.0856594,-88.3136756
MLS Listing,,Single Family Residential,308 Timber Ridge Dr,Oakwood,IL,61858,82000,3,2.0,Balance of Vermillion County,1215,7980,1994,113,67,,Active,,,https://www.redfin.com/IL/Oakwood/308-Timber-Ridge-Dr-E-61858/home/138204728,MRED as Distributed by MLS Grid,12069025,N,Y,40.1060227,-87.7720094
MLS Listing,,Vacant Land,2109 Amber Ln,Urbana,IL,61802,48000,,,Stone Creek,,14810,,114,,,Active,,,https://www.redfin.com/IL/Urbana/2109-E-Amber-Ln-61802/home/190934362,MRED as Distributed by MLS Grid,12065616,N,Y,40.087725,-88.1799939
MLS Listing,,Single Family Residential,902 S Orchard St,Urbana,IL,61801,234900,2,2.0,Urbana,1240,2178,1915,117,189,,Active,,,https://www.redfin.com/IL/Urbana/902-S-Orchard-St-61801/home/126431034,MRED as Distributed by MLS Grid,12053059,N,Y,40.1052135,-88.2142406
MLS Listing,,Multi-Family (2-4 Unit),508 W Columbia Ave,Champaign,IL,61820,265000,7,4.0,"Champaign, Savoy",,8712,,120,,,Active,,,https://www.redfin.com/IL/Champaign/508-W-Columbia-Ave-61820/home/126779651,MRED as Distributed by MLS Grid,12056691,N,Y,40.121419,-88.2511188
MLS Listing,,Multi-Family (5+ Unit),412 W Church St,Champaign,IL,61820,425000,3,,"Champaign, Savoy",,8712,1930,120,,,Active,,,https://www.redfin.com/IL/Champaign/412-W-Church-St-61820/home/126840836,MRED as Distributed by MLS Grid,12056748,N,Y,40.118485,-88.2498753
MLS Listing,,Multi-Family (2-4 Unit),311 W Columbia Ave,Champaign,IL,61820,285000,4,3.5,"Champaign, Savoy",,7392,,120,,,Active,,,https://www.redfin.com/IL/Champaign/311-W-Columbia-Ave-61820/home/127057590,MRED as Distributed by MLS Grid,12046808,N,Y,40.1209858,-88.2482119
MLS Listing,,Multi-Family (2-4 Unit),312 W Columbia Ave,Champaign,IL,61820,205000,3,2.0,"Champaign, Savoy",,8712,,120,,,Active,,,https://www.redfin.com/IL/Champaign/312-W-Columbia-Ave-61820/home/126951270,MRED as Distributed by MLS Grid,12046871,N,Y,40.1213778,-88.2482491
MLS Listing,,Vacant Land,Lot 1 County Road 1800,Rantoul,IL,61866,400000,,,Northern Champaign County / Ford County,,1482346,,121,,,Active,,,https://www.redfin.com/IL/Rantoul/Lot-1-County-Road-1800-E-Unknown/home/190873937,MRED as Distributed by MLS Grid,12054392,N,Y,40.300804,-88.1173293
MLS Listing,,Single Family Residential,3208 Valley Brook Dr,Champaign,IL,61822,1299900,5,5.5,Lincolnshire Fields,8026,29620,,127,162,,Active,,,https://www.redfin.com/IL/Champaign/3208-Valleybrook-Dr-61822/home/127088640,MRED as Distributed by MLS Grid,12045334,N,Y,40.0872936,-88.3005544
MLS Listing,,Multi-Family (5+ Unit),1601 N Willow Rd,Urbana,IL,61801,3825000,80,,Urbana,51046,87120,1974,127,75,,Active,,,https://www.redfin.com/IL/Urbana/1601-N-Willow-Rd-61801/home/126442813,MRED as Distributed by MLS Grid,12056636,N,Y,40.127551,-88.2011085
MLS Listing,,Single Family Residential,512 W Bradley Ave,Champaign,IL,61820,114900,2,1.0,"Champaign, Savoy",,10092,1948,128,,,Active,,,https://www.redfin.com/IL/Champaign/512-W-Bradley-Ave-61820/home/126559923,MRED as Distributed by MLS Grid,12056361,N,Y,40.1274257,-88.2512309
MLS Listing,,Vacant Land,1304 W Olympian Dr,Champaign,IL,61822,595000,,,"Champaign, Savoy",,348915,,128,,,Active,,,https://www.redfin.com/IL/Champaign/1304-W-Olympian-Dr-61822/home/145068047,MRED as Distributed by MLS Grid,12047190,N,Y,40.158083,-88.268354
MLS Listing,,Vacant Land,1408 White Oak Ct,Mahomet,IL,61853,349900,,,Western Champaign County / Piatt & McClean Counties,,65775,,132,,,Active,,,https://www.redfin.com/IL/Mahomet/1408-White-Oak-Ct-61853/home/127191301,MRED as Distributed by MLS Grid,12051579,N,Y,40.220163,-88.38459
MLS Listing,,Condo/Co-op,408 N State St #9,Champaign,IL,61820,122888,1,1.0,"Champaign, Savoy",629,,1923,133,195,437,Active,,,https://www.redfin.com/IL/Champaign/408-N-State-St-61820/unit-9/home/183942373,MRED as Distributed by MLS Grid,11992517,N,Y,40.1198873,-88.2466283
MLS Listing,,Mobile/Manufactured Home,39 Pulaski St,Mahomet,IL,61853,34900,4,3.0,Western Champaign County / Piatt & McClean Counties,,,1991,133,,,Active,,,https://www.redfin.com/IL/Mahomet/39-Pulaski-St-61853/home/190732223,MRED as Distributed by MLS Grid,12046425,N,Y,40.2096166,-88.3612299
MLS Listing,,Single Family Residential,503 N Willis Ave,Champaign,IL,61821,259900,4,2.0,"Champaign, Savoy",1564,9240,1920,134,166,,Active,,,https://www.redfin.com/IL/Champaign/503-N-Willis-Ave-61821/home/126774790,MRED as Distributed by MLS Grid,12036788,N,Y,40.120575,-88.2605478
MLS Listing,,Multi-Family (5+ Unit),705 E Colorado Ave,Urbana,IL,61801,2500000,48,29.0,Urbana,31602,37897,1977,136,79,,Active,,,https://www.redfin.com/IL/Urbana/705-E-Colorado-Ave-61801/home/126737320,MRED as Distributed by MLS Grid,12043161,N,Y,40.0942455,-88.197431
MLS Listing,,Single Family Residential,704 La Sell Dr,Champaign,IL,61820,449900,4,2.0,"Champaign, Savoy",2398,11933,1955,136,188,,Active,,,https://www.redfin.com/IL/Champaign/704-La-Sell-Dr-61820/home/127164845,MRED as Distributed by MLS Grid,12048209,N,Y,40.1015604,-88.2542693
MLS Listing,,Vacant Land,1106 Mitchem Dr,Urbana,IL,61801,24900,,,Urbana,,,,136,,,Active,,,https://www.redfin.com/IL/Urbana/1106-Mitchem-Dr-61801/home/126477769,MRED as Distributed by MLS Grid,12048041,N,Y,40.0924376,-88.1945974
MLS Listing,,Vacant Land,1100 N Fairlawn Dr N,Rantoul,IL,61866,5500,,,Klein,,,,137,,,Active,,,https://www.redfin.com/IL/Rantoul/1100-Fairlawn-Dr-61866/home/126980589,MRED as Distributed by MLS Grid,12017963,N,Y,40.309765,-88.143248
MLS Listing,,Mobile/Manufactured Home,94 N Delta Dr,Oakwood,IL,61858,39500,2,2.0,Oakwood,840,,2021,142,47,450,Active,,,https://www.redfin.com/IL/Oakwood/94-Delta-Dr-N-61858/home/190642758,CIBR,6241525,N,Y,40.1029231,-87.7774736
MLS Listing,,Single Family Residential,5016 Trey Blvd,Champaign,IL,61822,679900,4,3.5,"Champaign, Savoy",2059,,2024,142,330,,Active,,,https://www.redfin.com/IL/Champaign/5016-Trey-Blvd-61822/home/127085095,MRED as Distributed by MLS Grid,12041915,N,Y,40.099706,-88.331072
MLS Listing,,Single Family Residential,610 S Park St,Gifford,IL,61847,184000,7,3.0,Northern Champaign County / Ford County,3238,23958,1952,142,57,,Active,,,https://www.redfin.com/IL/Gifford/610-S-Park-St-61847/home/126548732,MRED as Distributed by MLS Grid,12042797,N,Y,40.3007156,-88.0199155
MLS Listing,,Mobile/Manufactured Home,507 Richland St,Mahomet,IL,61853,64900,4,2.5,Western Champaign County / Piatt & McClean Counties,,1568,1995,146,,,Active,,,https://www.redfin.com/IL/Mahomet/507-Richland-St-61853/home/188698232,MRED as Distributed by MLS Grid,12040066,N,Y,40.2007254,-88.36379
MLS Listing,,Single Family Residential,1803 Cobblefield Ct,Champaign,IL,61822,839900,5,4.5,"Champaign, Savoy",4010,24829,2007,148,209,,Active,,,https://www.redfin.com/IL/Champaign/1803-Cobblefield-Ct-61822/home/126838659,MRED as Distributed by MLS Grid,12018924,N,Y,40.0958522,-88.3067943
MLS Listing,,Single Family Residential,712 W Washington St,Urbana,IL,61801,250000,3,2.5,Hubbard Terrace,1330,5227,,150,188,,Active,,,https://www.redfin.com/IL/Urbana/712-W-Washington-St-61801/home/127177423,MRED as Distributed by MLS Grid,12035494,N,Y,40.1057549,-88.2171485
MLS Listing,,Single Family Residential,903 S Busey Ave,Urbana,IL,61801,340000,5,2.0,Urbana,2013,7965,1916,150,169,,Active,,,https://www.redfin.com/IL/Urbana/903-S-Busey-Ave-61801/home/126997010,MRED as Distributed by MLS Grid,12035456,N,Y,40.1052627,-88.2179999
MLS Listing,,Townhouse,1410 Cobblestone Way #1410,Champaign,IL,61822,265500,3,3.0,"Champaign, Savoy",1388,4180,2007,150,191,10,Active,,,https://www.redfin.com/IL/Champaign/1410-Cobblestone-Way-61822/unit-1410/home/190565346,MRED as Distributed by MLS Grid,12021235,N,Y,40.1307103,-88.3045336
MLS Listing,,Mobile/Manufactured Home,471 Macon St,Mahomet,IL,61853,104900,6,1.5,Western Champaign County / Piatt & McClean Counties,,,2000,150,,,Active,,,https://www.redfin.com/IL/Mahomet/471-Macon-St-61853/home/190563822,MRED as Distributed by MLS Grid,12025530,N,Y,40.2013608,-88.3635245
MLS Listing,,Single Family Residential,1403 Brunswick Ct,St. Joseph,IL,61873,499900,4,3.0,Wiltshire Estates,2815,28749,2003,153,178,25,Active,,,https://www.redfin.com/IL/Saint-Joseph/1403-Brunswick-Ct-61873/home/126881615,MRED as Distributed by MLS Grid,12021846,N,Y,40.1039672,-88.0234365
MLS Listing,,Mobile/Manufactured Home,648 Williamson Ct,Mahomet,IL,61853,64900,3,2.0,Western Champaign County / Piatt & McClean Counties,,,1999,154,,,Active,,,https://www.redfin.com/IL/Mahomet/648-Williamson-Ct-61853/home/190491175,MRED as Distributed by MLS Grid,12022396,N,Y,40.1988236,-88.3612916
MLS Listing,,Single Family Residential,2502 Somerset Dr,Urbana,IL,61802,244900,4,2.5,Somerset,2369,15245,,154,103,,Active,,,https://www.redfin.com/IL/Urbana/2502-Somerset-Dr-61802/home/126707128,MRED as Distributed by MLS Grid,12028296,N,Y,40.1387122,-88.1742045
MLS Listing,,Single Family Residential,2821 Haydon Dr,Urbana,IL,61802,365000,3,3.0,Beringer Commons,2410,13939,2015,154,151,17,Active,,,https://www.redfin.com/IL/Urbana/2821-Haydon-Dr-61802/home/127064085,MRED as Distributed by MLS Grid,12028064,N,Y,40.1189995,-88.1687367
MLS Listing,,Vacant Land,3017 E Beringer Cir,Urbana,IL,61802,79000,,,Beringer Commons,,16552,,155,,,Active,,,https://www.redfin.com/IL/Urbana/3017-E-Beringer-Cir-61802/home/192022711,MRED as Distributed by MLS Grid,12032503,N,Y,40.116639,-88.1651459
MLS Listing,,Vacant Land,3018 E Beringer Cir,Urbana,IL,61802,79000,,,Beringer Commons,,15245,,155,,,Active,,,https://www.redfin.com/IL/Urbana/3018-Beringer-Cir-61802/home/126891856,MRED as Distributed by MLS Grid,12032500,N,Y,40.117213,-88.165089
MLS Listing,,Vacant Land,3020 E Beringer Cir,Urbana,IL,61802,79000,,,Beringer Commons,,13068,,155,,,Active,,,https://www.redfin.com/IL/Urbana/3020-Beringer-Cir-61802/home/126659613,MRED as Distributed by MLS Grid,12032497,N,Y,40.117226,-88.164761
MLS Listing,,Vacant Land,601 N Beacon Hill Cir,Urbana,IL,61802,79000,,,Beringer Commons,,11761,,155,,,Active,,,https://www.redfin.com/IL/Urbana/601-N-Beacon-Hill-Cir-61802/home/126813680,MRED as Distributed by MLS Grid,12032489,N,Y,40.118131,-88.16417
MLS Listing,,Vacant Land,509 N Beacon Hill Cir,Urbana,IL,61802,79000,,,Beringer Commons,,12196,,155,,,Active,,,https://www.redfin.com/IL/Urbana/509-N-Beacon-Hl-Cir-61802/home/127064069,MRED as Distributed by MLS Grid,12032488,N,Y,40.117948,-88.164068
MLS Listing,,Vacant Land,507 N Beacon Hill Cir,Urbana,IL,61802,79000,,,Beringer Commons,,11325,,155,,,Active,,,https://www.redfin.com/IL/Urbana/507-N-Beacon-Hl-Cir-61802/home/127039363,MRED as Distributed by MLS Grid,12032484,N,Y,40.1177629,-88.1640029
MLS Listing,,Vacant Land,505 N Beacon Hill Cir,Urbana,IL,61802,79000,,,Beringer Commons,,14374,,155,,,Active,,,https://www.redfin.com/IL/Urbana/505-N-Beacon-Hl-Cir-61802/home/126999266,MRED as Distributed by MLS Grid,12032482,N,Y,40.117561,-88.163974
MLS Listing,,Vacant Land,608 N Beacon Hill Cir,Urbana,IL,61802,58000,,,Beringer Commons,,19166,,155,,,Active,,,https://www.redfin.com/IL/Urbana/608-N-Beacon-Hl-Cir-61802/home/126813624,MRED as Distributed by MLS Grid,12032481,N,Y,40.119165,-88.164349
MLS Listing,,Vacant Land,702 N Beacon Hill Cir,Urbana,IL,61802,65000,,,Beringer Commons,,16117,,155,,,Active,,,https://www.redfin.com/IL/Urbana/702-N-Beacon-Hl-Cir-61802/home/126736605,MRED as Distributed by MLS Grid,12032478,N,Y,40.11944,-88.165289
MLS Listing,,Vacant Land,704 N Beacon Hill Cir,Urbana,IL,61802,65000,,,Beringer Commons,,14374,,155,,,Active,,,https://www.redfin.com/IL/Urbana/704-N-Beacon-Hl-Cir-61802/home/126708011,MRED as Distributed by MLS Grid,12032476,N,Y,40.119449,-88.165606
MLS Listing,,Vacant Land,706 N Beacon Hill Cir,Urbana,IL,61802,65000,,,Beringer Commons,,15681,,155,,,Active,,,https://www.redfin.com/IL/Urbana/706-N-Beacon-Hl-Cir-61802/home/126678378,MRED as Distributed by MLS Grid,12032473,N,Y,40.119435,-88.165922
MLS Listing,,Vacant Land,708 N Beacon Hill Cir,Urbana,IL,61802,65000,,,Beringer Commons,,18295,,155,,,Active,,,https://www.redfin.com/IL/Urbana/708-N-Beacon-Hl-Cir-61802/home/126680751,MRED as Distributed by MLS Grid,12032471,N,Y,40.119416,-88.16626
MLS Listing,,Vacant Land,707 N Beacon Hill Cir,Urbana,IL,61802,79000,,,Beringer Commons,,12196,,155,,,Active,,,https://www.redfin.com/IL/Urbana/707-N-Beacon-Hill-Cir-61802/home/126831505,MRED as Distributed by MLS Grid,12032469,N,Y,40.118685,-88.166449
MLS Listing,,Vacant Land,703 N Beacon Hill Cir,Urbana,IL,61802,79000,,,Beringer Commons,,12196,,155,,,Active,,,https://www.redfin.com/IL/Urbana/703-N-Beacon-Hill-Cir-61802/home/126680391,MRED as Distributed by MLS Grid,12032465,N,Y,40.118836,-88.165749
MLS Listing,,Vacant Land,611 N Beacon Hill Cir,Urbana,IL,61802,79000,,,Beringer Commons,,12196,,155,,,Active,,,https://www.redfin.com/IL/Urbana/611-N-Beacon-Hill-Cir-61802/home/126678413,MRED as Distributed by MLS Grid,12032460,N,Y,40.11878,-88.1652
MLS Listing,,Vacant Land,501 N Beacon Hill Cir,Urbana,IL,61802,79000,,,Beringer Commons,,,,155,,,Active,,,https://www.redfin.com/IL/Urbana/501-N-Beacon-Hl-Cir-61802/home/126655584,MRED as Distributed by MLS Grid,12032459,N,Y,40.117235,-88.163841
MLS Listing,,Vacant Land,2910 Haydon Dr,Urbana,IL,61802,65000,,,Beringer Commons,,21780,,155,,,Active,,,https://www.redfin.com/IL/Urbana/2910-Haydon-Dr-61802/home/126659745,MRED as Distributed by MLS Grid,12032449,N,Y,40.119576,-88.167055
MLS Listing,,Vacant Land,2906 Haydon Dr,Urbana,IL,61802,65000,,,Beringer Commons,,20037,,155,,,Active,,,https://www.redfin.com/IL/Urbana/2906-Haydon-Dr-61802/home/127178515,MRED as Distributed by MLS Grid,12032443,N,Y,40.11962,-88.16762
MLS Listing,,Vacant Land,2904 Haydon Dr,Urbana,IL,61802,65000,,,Beringer Commons,,19166,,155,,,Active,,,https://www.redfin.com/IL/Urbana/2904-Haydon-Dr-61802/home/127181561,MRED as Distributed by MLS Grid,12032440,N,Y,40.119631,-88.1679039
MLS Listing,,Vacant Land,2902 Haydon Dr,Urbana,IL,61802,65000,,,Beringer Commons,,,,155,,,Active,,,https://www.redfin.com/IL/Urbana/2902-Haydon-Dr-61802/home/127180978,MRED as Distributed by MLS Grid,12032437,N,Y,40.119636,-88.16819
MLS Listing,,Vacant Land,2822 Haydon Dr,Urbana,IL,61802,65000,,,Beringer Commons,,,,155,,,Active,,,https://www.redfin.com/IL/Urbana/2822-Haydon-Dr-61802/home/127108530,MRED as Distributed by MLS Grid,12032427,N,Y,40.119651,-88.168475
MLS Listing,,Vacant Land,2812 Haydon Dr,Urbana,IL,61802,65000,,,Beringer Commons,,18730,,155,,,Active,,,https://www.redfin.com/IL/Urbana/2812-Haydon-Dr-61802/home/127039345,MRED as Distributed by MLS Grid,12032391,N,Y,40.119813,-88.169882
MLS Listing,,Vacant Land,2804 Haydon Dr,Urbana,IL,61802,65000,,,Beringer Commons,,17424,,155,,,Active,,,https://www.redfin.com/IL/Urbana/2804-Haydon-Dr-61802/home/127180948,MRED as Distributed by MLS Grid,12032380,N,Y,40.119919,-88.171045
MLS Listing,,Single Family Residential,207 S Scott St,Oakwood,IL,61858,229000,4,1.5,Oakwood,2664,24829,1916,155,86,,Active,,,https://www.redfin.com/IL/Oakwood/207-S-Scott-St-61858/home/138133286,CIBR,6241336,N,Y,40.113902,-87.7772619
MLS Listing,,Vacant Land,3060 E Stone Creek Blvd,Urbana,IL,61802,65000,,,Urbana,,,,155,,,Active,,,https://www.redfin.com/IL/Urbana/3060-E-Stone-Creek-Blvd-61802/home/126738850,MRED as Distributed by MLS Grid,12031670,N,Y,40.0887461,-88.1647418
MLS Listing,,Single Family Residential,2808 Haydon Dr,Urbana,IL,61802,339900,3,2.0,Urbana,1858,20460,2024,161,183,,Active,,,https://www.redfin.com/IL/Urbana/2808-Haydon-Dr-61802/home/127178497,MRED as Distributed by MLS Grid,12026978,N,Y,40.119883,-88.170443
